id,created_at,user,location,text,in_reply_to,reply_count,favorite_count,hashtags
1877562264833941941,2025-01-10 03:45:02+00:00,tempo.co,Indonesia,Pemerintah akan menghapus tunjangan kinerja dan tunjangan profesi dosen berstatus ASN. #TempoPlus https://t.co/r5PESHu24z,,1222,7883,['TempoPlus']
1881622285121134773,2025-01-21 08:38:06+00:00,Fraksi PKS DPR RI,Jakarta Capital Region,"Sampaikan Aspirasi Dosen ASN Kemendikti-Saintek, Fraksi PKS Minta Tunjangan Kinerja Segera Dibayarkanâ€¼ï¸

|| M. Nasir Djamil (Anggota Komisi III DPR RI dari F-PKS) -- @mnasirdjamil

#fraksipksdprri 
#PKSpembelaRakyat 
#PKS https://t.co/e2rKeg7yHA",,2,91,"['fraksipksdprri', 'PKSpembelaRakyat', 'PKS']"
1886231219207282706,2025-02-03 01:52:21+00:00,tempo.co,Indonesia,"Pemerintah Berkukuh Tak Membayar Tunjangan Kinerja Dosen

Kementerian Pendidikan Tinggi, Sains, dan Teknologi memastikan tak akan membayar tunjangan kinerja dosen aparatur sipil negara (ASN) pada 2020-2024.

Mereka melimpahkan tanggung jawab urusan tersebut kepada kementerian https://t.co/39FcGOhMUr",,61,2168,"['Tempoharian', 'TempoHarian', 'TempoPlus']"
1886742687359099095,2025-02-04 11:44:45+00:00,tempo.co,Indonesia,"Keputusan pemerintah yang nggak mencairkan tunjangan kinerja (tukin) dosen ASN periode 2020-2024 jelas banget nunjukin betapa kurangnya apresiasi terhadap pendidikan.

Hmm, mengapa tukin dosen 2020-2024 tak bisa dicairkan ya?ğŸ¤”

#TempoThread #Editorial https://t.co/AkxtR2oD5Q",,41,2865,"['TempoThread', 'Editorial']"
1878287353925550323,2025-01-12 03:46:16+00:00,Pejuang Tukin Dosen ASN Kemendiktisaintek,Negara tanpa Keadilan,"""Jika ingin menghancurkan sebuah bangsa, tidak perlu dengan perang, cukup HANCURKAN PENDIDIKAN dan ABAIKAN PENDIDIKNYA""

ğŸ§µsebuah utas bagaimana dosen ASN Kemdiktisaintek SELALU DIKECUALIKAN untuk mendapatkan tukin sejak lama https://t.co/AjHspkR7vy",,64,3371,[]
1882408832137384317,2025-01-23 12:43:33+00:00,Faktacom,"DKI Jakarta, Indonesia","Mendiktisaintek Satryo Soemantri Brodjonegoro enggan berkomentar usai rapat tertutup dengan Komisi X DPR, meski dicecar soal demo ASN, tunggakan tunjangan dosen, dan rekaman kekerasan viral. Ia langsung meninggalkan lokasi tanpa memberikan pernyataan.

#Mendiksaintek #ASN #DPR https://t.co/jL36R10tXR",,0,1,"['Mendiksaintek', 'ASN', 'DPR']"
1886314841985696146,2025-02-03 07:24:39+00:00,Â¥@N'$,Indonesia,"Ratusan dosen ASN berdemo menuntut tunjangan kinerja/tukin yg blm dibayar pemerintah.
Monas, Senin 3/2/2025.
Mereka mengancam akan mogok mengajar.
Murid dikasih MBG.
Gurunya diabaikan ğŸ˜« https://t.co/lcFpDVzzwf",,2,187,[]
1887421788340261296,2025-02-06 08:43:15+00:00,Magdalene,Jakarta,"Kemarin, dosen ASN menggelar aksi protes di Istana Negara untuk menuntut tunjangan kinerja yang enggak kunjung dibayarkan.

Apa yang sebenarnya sedang terjadi? https://t.co/HXdTCioVa5",,1,15,[]
1886007913887432787,2025-02-02 11:05:01+00:00,Pejuang Tukin Dosen ASN Kemendiktisaintek,Negara tanpa Keadilan,"Atas nama keadilan, perwakilan dosen ASN Kemdiktisaintek seluruh Indonesia sudah bergerak ke jantung Ibukota Jakarta. 

Mereka akan menggelar aksi damai menuntut pembayaran tunjangan kinerja (tukin) dosen Kemendikbudristek di Istana Negara pada Senin, 3 Februari 2025.

Semoga https://t.co/8r52EePHfX",,109,3324,[]
1886614408425844768,2025-02-04 03:15:01+00:00,tempo.co,Indonesia,Kementerian Pendidikan Tinggi berkukuh tak membayar tunjangan kinerja dosen ASN pada 2020-2024. Apa saja alasannya? #TempoPlus https://t.co/VSqd2aU904,,0,2,['TempoPlus']
1883832788371329510,2025-01-27 11:01:51+00:00,DW Indonesia,"Bonn, Jerman","Aliansi Dosen ASN Kementerian Pendidikan Tinggi, Sains, dan Teknologi Seluruh Indonesia (Adaksi) mengungkap alasan mengapa pihaknya sangat berusaha untuk memperjuangkan tunjangan kinerja (tukin) yang selama lima tahun belum dibayarkan pemerintah.

""Tukin adalah hak individu dosen https://t.co/a3SDOmTXWt",,2,10,[]
1882777875356717140,2025-01-24 13:10:00+00:00,tvOnenews,"Pulo Gadung, Indonesia","Komisi X DPR RI menggelar rapat tertutup dengan Mendiktisaintek Satryo Soemantri Brojonegoro setelah ramai dugaan berperilaku kasar terhadap staf kementerian, memecat secara sepihak, hingga soal tunjangan kinerja dosen ASN, Kamis (23/1).

Tonton video selengkapnya di https://t.co/CjcuU4nakm",,4,7,"['HardNews_Viral', 'FlashOne', 'CariBeritaditvOne', 'Kemendiktisaintek', 'DPR', 'FO04']"
1886404270418968782,2025-02-03 13:20:00+00:00,tempo.co,Indonesia,"Pemerintah Tolak Membayar Tunjangan Kinerja Dosen ASN
https://t.co/Qoz2GXW5XY",,33,909,[]
1882065767115706494,2025-01-22 14:00:20+00:00,detikcom,,"Dosen ASN akhirnya boleh lega! ğŸ‰ Tunjangan kinerja (tukin) yang dijanjikan sejak era Nadiem Makarim 5 tahun lalu akhirnya disetujui Kemenkeu untuk dicairkan. Info ini dikonfirmasi oleh Wakil Ketua Komisi X DPR RI, Lalu Hadrian Irfani.

Tukin ini sebenarnya sudah diatur sejak https://t.co/Ehz6892AWI",1882054392209428554,1,8,"['detikSore', 'detikcom', 'detikSoreNggakCumaHoreHore', 'DosenASN', 'TunjanganKinerja']"
1879867596348268630,2025-01-16 12:25:35+00:00,KBR,"Jakarta, Indonesia","Awal 2025, dosen-dosen ASN di bawah naungan Kementerian Pendidikan Tinggi, Sains, dan Teknologi (Kemendiktisaintek) mestinya bisa menikmati tunjangan kinerja atau tukin. Pasalnya, ketentuan tukin sudah dimuat dalam Permendikbud Nomor 49 Tahun 2020 dan Keputusan Mendikbudristek https://t.co/6DjIgRbDHj",,0,45,['RuangPublikKBR']
1883052605632610673,2025-01-25 07:21:41+00:00,Partai Demokrat,Jakarta Capital Region,"Tingkatkan Kesejahteraan Dosen, Demokrat Harap Tunjangan Kinerja Dosen ASN Segera Dibayarkan

""Kami mendukung segala upaya meningkatkan kualitas pendidikan tinggi, salah satunya pemenuhan dan peningkatan kesejahteraan dosen. Kami berharap masalah tunjangan kinerja dosen yang https://t.co/ovlzpl8pQc",,1,18,[]
1875097266215653555,2025-01-03 08:30:00+00:00,detikedu,,"Kemendiktisaintek (Kementerian Pendidikan Tinggi, Sains, dan Teknologi) bicara tentang nasib tukin (tunjangan kinerja) dosen ASN. Kemendiktisaintek menyebut tak ada anggaran untuk tukin di tahun 2025, namun mereka sudah mengusulkannya.

#detikedu #Kemendiktisaintek #ASN https://t.co/mBLi3HlHkd",,0,5,"['detikedu', 'Kemendiktisaintek', 'ASN']"
1876420283529392325,2025-01-07 00:07:12+00:00,tirtoid,Indonesia,"Janji Palsu Tunjangan Kinerja, Korbankan Kesejahteraan Dosen ASN 

https://t.co/DvD3KTFHoB",,0,23,[]
1876055122712920572,2025-01-05 23:56:11+00:00,Ardianto Satriawan,"Michuhol-gu, Republic of Korea","25 September 2024: Kementerian bilang, ""Dosen ASN akan mendapat Tunjangan Kinerja""

5 Januari 2025: ""Tidak ada anggaran untuk Tunjangan Kinerja untuk dosen ASN pada 2025.""

Hak orang dimain-mainin, Pak Menteri? https://t.co/TNM119gne6",,77,3000,[]
1879371292643840150,2025-01-15 03:33:27+00:00,perupadata,,"Ini kisah para dosen ASN, pengabdi pendidikan tinggi.

Jasanya besar, membuat calon generasi Indonesia emas jadi orang berpendidikan yang makan bangku kuliahan.

Harusnya, Januari ini mereka terima tunjangan. Tapi urung dianggarkan. Alasannya, karena perubahan nomenklatur. https://t.co/sBVwhqR3L1",,2,19,[]
1886272668498100272,2025-02-03 04:37:04+00:00,ğ•¯ğ–šğ–—ğ–Šğ–“,Jakarta Capital Region,"SEPERTINYA BGITU

Dr Pemberitaan2:
LPG dipersulit, Muncul Pgr Bambu,
Gaji Tunjangan ASN Daerah telad,
Pmecatan Honorer dg alasan P3K,
Tukin Dosen tdk dbayarkn, dll

HATI2 Pak @prabowo n Team
Trjadi di lini trbawah n daerah, 
seolah mmercik api ktdkpuasan
tuk 1 tujuan di Beler?
. https://t.co/658TUDnO0L",,141,839,[]
1886728754774597912,2025-02-04 10:49:23+00:00,LPM Retorika FISIP UNAIR,Surabaya,"Selama lebih dari lima tahun, ribuan dosen Aparatur Sipil Negara (ASN) di perguruan tinggi negeri hidup dalam ketidakpastian. Tunjangan Kinerja (Tukin) yang seharusnya menjadi hak mereka tertahan di meja birokrasi tanpa kejelasan kapan akan dibayarkan. https://t.co/cXFbEKYJVe",,1,11,[]
1883453425687429620,2025-01-26 09:54:24+00:00,Harian Kompas,"Palmerah, Jakarta","Dosen ASN Kemendiktisaintek menuntut pembayaran tunjangan kinerja bagi semua dosen. Tanpa tukin, pemerataan dosen yang sejahtera sulit terwujud.Â Â  #Humaniora #AdadiKompas

https://t.co/nWBpQEtrpC",,0,8,"['Humaniora', 'AdadiKompas']"
1879755974027997370,2025-01-16 05:02:03+00:00,Partai Demokrat,Jakarta Capital Region,"Tingkatkan Kesejahteraan Dosen, Demokrat Harap Tunjangan Kinerja Dosen ASN Segera Dibayarkan

""Kami mendukung segala upaya meningkatkan kualitas pendidikan tinggi, salah satunya pemenuhan dan peningkatan kesejahteraan dosen. Kami berharap masalah tunjangan kinerja dosen yang https://t.co/qVCSwVkoyh",,1,14,[]
1878648003843465386,2025-01-13 03:39:22+00:00,BBC News Indonesia,London - Jakarta,Regulasi yang sempat memberi harapan agar para dosen mendapat tambahan upah tak bisa dilaksanakan. Alasan pemerintah: dana tunjangan kinerja tak masuk APBN 2025 karena Kemendikbud dilebur Prabowo jadi tiga lembaga. Bagaimana nasib para dosen ASN ke depan? https://t.co/w2Nvz10JCs,,0,3,[]
1879835763942044153,2025-01-16 10:19:06+00:00,Pejuang Tukin Dosen ASN Kemendiktisaintek,Negara tanpa Keadilan,"Mengapa Dosen ASN Kemendiktisaintek di seluruh Perguruan Tinggi Indonesia menuntut dibayarkan tunjangan kinerja (tukin) segera awal tahun ini?

ğŸ§µA thread",,16,568,[]
1875940753689743607,2025-01-05 16:21:43+00:00,prajna,Jakarta Capital Region,"Besaran tunjangan kinerja dosen ASN

Sumber: Kompas, 04-01-2025 https://t.co/tPes6h9OrQ",,0,1,[]
1882382518823084125,2025-01-23 10:59:00+00:00,fazar,"Cengkareng, Indonesia","Mendiktisaintek RI Satryo Soemantri Brodjonegoro bungkam dicecar awak media soal dugaan berperilaku kasar terhadap staf kementerian, memecat secara sepihak, hingga soal tunjangan kinerja dosen ASN.

Galaknya hilang? https://t.co/wyLpQTHC0L",,0,0,[]
1879325629193298205,2025-01-15 00:32:00+00:00,Harian Kompas,"Palmerah, Jakarta","Selamat pagi Sahabat Kompas. Para dosen ASN Kementerian Pendidikan Tinggi, Sains, dan Teknologi menuntut agar segera ada kejelasan soal tunjangan kinerja. Mereka berharap kementerian menyusun aturan baru terkait dengan tunjangan kinerja.

Baca selengkapnya di sini https://t.co/MdrViYDa1P",,3,50,"['Tukin', 'Dosen', 'AdadiKompas']"
1886644729909067976,2025-02-04 05:15:30+00:00,The Conversation Indonesia,Jakarta Capital Region,"Dosen ASN di Kemendiktisaintek sudah 5 tahun tidak dibayar tunjangan kinerjanya!

Sementara ASN di kementerian lain santai menerima tukin sejak CPNS.

https://t.co/gtxs3XDdnW https://t.co/BHTtHCJlXe",,3,42,[]
1879868570462744932,2025-01-16 12:29:28+00:00,Fraksi PKB DPR RI,Jakarta,Komisi X Desak Mendikti Saintek Cairkan Tunjangan Kinerja Dosen ASN #Tukin #ASN #FraksiPKB https://t.co/FTdwsORSSU,,2,4,"['Tukin', 'ASN', 'FraksiPKB']"
1885676978000310365,2025-02-01 13:10:00+00:00,Media Indonesia,Jakarta - Indonesia,"Puluhan perwakilan dosen dari berbagai daerah di Sumatra Barat (Sumbar) hari ini, Sabtu, (1/2) mulai bergerak ke Jakarta. Mereka akan melakukan demonstrasi soal keputusan pemerintah mengenai tunjangan kinerja (tukin) dosen ASN yang tak cair. https://t.co/3o5m9pFBqj",,3,3,[]
1886411820388471198,2025-02-03 13:50:00+00:00,tvOnenews,"Pulo Gadung, Indonesia","Koordinator Aksi Tuntut Tukin Aliansi Dosen ASN Kemendiktisaintek Seluruh Indonesia (ADAKSI), Anggun Gunawan, menegaskan bahwa aksi mogok nasional menjadi langkah selanjutnya jika pemerintah tetap membiarkan hak tunjangan kinerja (tukin) dosen tak dibayar.

Dalam aksi demonstrasi https://t.co/P4LTuRzpkQ",,1,9,"['CariBeritaDitvOne', 'OneNewsUpdate', 'ADAKSI', 'Dosen', 'ONU04']"
1883452278490689571,2025-01-26 09:49:50+00:00,Kompas Data,"Palmerah, Jakarta","Dosen ASN Kemendiktisaintek menuntut pembayaran tunjangan kinerja bagi semua dosen. Tanpa tukin, pemerataan dosen yang sejahtera sulit terwujud.Â Â  #Humaniora #AdadiKompas  
  
https://t.co/gxo1GPSWFd",,0,4,"['Humaniora', 'AdadiKompas']"
1874421387357765931,2025-01-01 11:44:18+00:00,MCR,,Bayarkan Tunjangan Kinerja Dosen ASN. Selayaknya ASN lain. Jangan buta mata mati hati @Kemdiktisaintek,,1,18,[]
1876890940972876148,2025-01-08 07:17:25+00:00,prajna,Jakarta Capital Region,"Tunjangan kinerja dosen ASN

Sumber: Tempo (https://t.co/LwURijHpmz) https://t.co/oTLRJSncoB",1876890693190270990,0,1,[]
1886273436718415964,2025-02-03 04:40:07+00:00,inilahcom,,"Aliansi Dosen ASN Kemdiktisaintek Seluruh Indonesia (ADAKSI) menggelar aksi di depan kawasan Patung Kuda, Jakarta Pusat, menuntut pemerintah segera membayarkan tunjangan kinerja (Tukin) yang tidak dibayarkan sejak 2020.

""Kami ingin memastikan tunjangan kinerja untuk dosen 2025 https://t.co/9draiPnUez",,0,1,[]
1884919102097277163,2025-01-30 10:58:28+00:00,kumparan,,"Kementerian Pendidikan Tinggi, Sains, dan Teknologi (Kemendiktisaintek) buka suara soal kabar tunjangan kinerja atau tukin dosen ASN periode 2020-2024 di lingkungan Kemendiktisaintek tak akan dibayarkan.

Sekretaris Jenderal (Sekjen) Kemendiktisaintek, Togar M Simatupang, https://t.co/VDsvk1bXsW",,57,208,"['bisnisupdate', 'update', 'bisnis', 'oneliner', 'tukin', 'dosen', 'kementerian', 'menteri', 'pendidikan', 'kemendiktisaintek', 'tunjangan', 'tunjangankerja', 'asn', 'info', 'infoterkini', 'berita', 'beritaterkini', 'bicarafaktalewatberita', 'kumparan']"
1886305005847920806,2025-02-03 06:45:33+00:00,konde.co,Indonesia,"Aksi ini diikuti oleh lebih dari 300 dosen ASN Kemendikti Saintek dengan 2 tuntutan utama:
1. Pemerintah SEGERA membayarkan tunjangan kinerja bagi dosen ASN sejak 2020â€“2024 yang belum dibayarkan,
2. Pembayaran tukin 2025 kepada semua dosen ASN tanpa kecuali (ASN PTN Satker, BLU, https://t.co/PlcePjwO92",1886304991742464237,1,12,[]
1882723834232725732,2025-01-24 09:35:16+00:00,Asumsi,Jakarta Capital Region,"Kementerian Pendidikan Tinggi, Sains, dan Teknologi menyiapkan tiga skenario pembayaran tunjangan kinerja terhadap dosen ASN. https://t.co/Bu3YHe4okY",,1,18,[]
1886420435882873167,2025-02-03 14:24:14+00:00,Harian Kompas,"Palmerah, Jakarta","Dosen ASN Kemendiktisaintek di seluruh Indoensia tidak lagi pasrah. Mereka terus bergerak menuntut pembayaran tunjangan kinerja dari tahun 2020 hingga sekarang.Â  #Humaniora #AdadiKompas

https://t.co/WCMALQXOKG",,0,3,"['Humaniora', 'AdadiKompas']"
1886396721309061503,2025-02-03 12:50:00+00:00,tvOnenews,"Pulo Gadung, Indonesia","Sekretaris Jenderal (Sekjen) Kementerian Pendidikan Tinggi, Sains dan Teknologi (Kemendikti Saintek) Togar M. Simatupang menegaskan, tunjangan kinerja (tukin) untuk dosen ASN pada tahun 2020-2024 tak bisa dicairkan.

Togar mengatakan, tukin dosen ASN di lingkungan Kemendikti https://t.co/Ka4i6xm56b",,6,15,"['HardNews_Viral', 'NewsOne', 'CariBeritaditvOne', 'Tukin', 'Kemendiktisaintek', 'NO04']"
1883089430522523989,2025-01-25 09:48:01+00:00,Law-Justice.co | News & Investigation,"Jakarta, Indonesia","Aliansi Dosen ASN Kementerian Pendidikan Tinggi, Sains, dan Teknologi (ADAKSI) mengkritik soal alokasi anggaran untuk membayar tunjangan kinerja (tukin) dosen ASN hanya Rp2,5 triliun. 

Baca disini https://t.co/VlOWJuxygj 
#LawJustice #News #ADAKSI #tukin #dosen #ASN https://t.co/JDRVSLJCt5",,0,1,"['LawJustice', 'News', 'ADAKSI', 'tukin', 'dosen', 'ASN']"
1879458185410670891,2025-01-15 09:18:44+00:00,DPC Partai Demokrat Kota Surabaya,Surabaya,"Tingkatkan Kesejahteraan Dosen, Tingkatkan Kualitas Pendidikan

Demi pendidikan tinggi yang lebih baik, Demokrat dorong tunjangan kinerja dosen ASN segera dibayarkan. Bramantyo Suwondo berharap langkah ini dapat segera diwujudkan dengan dukungan semua pihak.

#demokratsurabaya https://t.co/EP0XyMX1KE",,0,0,['demokratsurabaya']
1886332872660840611,2025-02-03 08:36:17+00:00,antaranews.com,NKRI,Aliansi Dosen ASN Kemdiktisaintek Seluruh Indonesia (ADAKSI) mengharapkan agar Presiden Prabowo Subianto tersentuh hatinya terkait belum terbayarnya tunjangan kinerja (Tukin) bagi mereka sehingga diharapkan dapat memberikan solusi. https://t.co/QN6V119giA,,1,4,[]
1886399239875592303,2025-02-03 13:00:01+00:00,tvOnenews,"Pulo Gadung, Indonesia","Ratusan dosen Aparatur Sipil Negara (ASN) turun ke jalan menggelar aksi demonstrasi di depan Monumen Nasional (Monas) dekat Patung Kuda, Jakarta Pusat, Senin (3/2).  

Mereka menuntut pemerintah segera membayar tunjangan kinerja (tukin) yang belum mereka terima sejak 2020. https://t.co/2rKWDl7oPJ",,3,25,"['HardNews_Sosial', 'NewsOne', 'CariBeritaditvOne', 'Tukin', 'DosenASN', 'Demonstrasi', 'NO02']"
1885233440905453735,2025-01-31 07:47:32+00:00,IDN Times,,"Kemendiktisaintek keluarkan surat penjelasan soal tunjangan kinerja (tukin) dosen ASN. Dalam surat dijelaskan tukin dosen ASN pada 2020-2024 tak bisa dibayarkan karena tak ada alokasi anggaran untuk hal itu sesuai aturan birokrasi yang ada.

https://t.co/dWIDczPb4e

#IDNTimesNews https://t.co/xXcM9atXLc",,1,2,['IDNTimesNews']
1886302921454715078,2025-02-03 06:37:16+00:00,Solopos,"Solo, Central Java, Indonesia",Puluhan Dosen ISI Solo Gelar Aksi Damai Tuntut Pembayaran Tunjangan Kinerja Puluhan dosen termasuk Rektor ISI Solo menggelar aksi damai menuntut kejelasan soal tunjangan kinerja dosen ASN yang belum dicairkan sejak 2020. https://t.co/dmnma6gkWp https://t.co/fZOvlAdvJJ,,0,0,[]
1883456492101083566,2025-01-26 10:06:35+00:00,Kompas Muda,"ÃœT: 62.478419,21.330711","Dosen ASN Kemendiktisaintek menuntut pembayaran tunjangan kinerja bagi semua dosen. Tanpa tukin, pemerataan dosen yang sejahtera sulit terwujud.Â Â  #Humaniora #AdadiKompas

https://t.co/185kQFi1dq",,0,5,"['Humaniora', 'AdadiKompas']"
1878938724349919529,2025-01-13 22:54:35+00:00,Kompas.com,Jakarta,"Tunjangan kinerja (tukin) bagi para dosen berstatus aparatur sipil negara (ASN) tidak kunjung cair meski telah ditunggu selama lima tahun.

~N #Tukin #Dosen #ASN 
https://t.co/6pThMsAbr9",,3,13,"['Tukin', 'Dosen', 'ASN']"
1880475736907317668,2025-01-18 04:42:07+00:00,khristalclear,,"Dosen ASN Kementerian lain mendapat Tunjangan Kinerja. Sementara Dosen ASN @Kemdiktisaintek tidak.
Stop DISKRIMINASI!
Tegakkan KEADILAN!
@tukin_dosenASN
#DosenDimiskinkanNegara
#bayartukindosenkemdiktisaintek
#dosenbukansapiperah",,0,22,"['DosenDimiskinkanNegara', 'bayartukindosenkemdiktisaintek', 'dosenbukansapiperah']"
1885593930307076503,2025-02-01 07:40:00+00:00,Media Indonesia,Jakarta - Indonesia,"Sekjen Kementerian Pendidikan Tinggi, Sains, dan Teknologi (Kemdiktisaintek) Togar M Simatupang mengungkapkan alasan tunjangan kinerja (tukin) dosen ASN 2020-2024 tidak dapat dicairkan. https://t.co/xV5ZC547Is",,0,3,[]
1885229604631376280,2025-01-31 07:32:18+00:00,antaranews.com,NKRI,"Sekretaris Jenderal (Sekjen) Kementerian Pendidikan Tinggi, Sains, dan Teknologi (Kemdiktisaintek) Togar M Simatupang mengungkapkan alasan tunjangan kinerja (tukin) dosen ASN 2020-2024 tidak dapat dicairkan. https://t.co/AW2wi9vOD1",,1,3,[]
1879483623465791935,2025-01-15 10:59:49+00:00,Harian Kompas,"Palmerah, Jakarta","Janji pemerintah untuk mulai membayarkan tunjangan kinerja dosen ASNÂ  Kemendiktisaintek mulai januari 2025 tetap ditagih. Pemerintah diminta memperjuangkan anggaran. #Humaniora #AdadiKompas

https://t.co/S8TpraR4Tq",,0,1,"['Humaniora', 'AdadiKompas']"
1885950149731696830,2025-02-02 07:15:29+00:00,Serikat Pekerja Kampus,"Jakarta, Indonesia","Serikat Pekerja Kampus (SPK) bersolidaritas dengan Aliansi Dosen ASN Kemendiktisaintek Seluruh Indonesia (Adaksi) yang menggelar aksi damai menuntut pembayaran tunjangan kinerja (tukin) dosen Kemendikbudristek di Istana Negara pada Senin, 3 Februari 2025.

#SerikatPekerjaKampus https://t.co/yL5vbgSXA4",,5,387,['SerikatPekerjaKampus']
1881327318704267593,2025-01-20 13:06:00+00:00,Trimurti.id,"West Java, Indonesia",Dosen ASN Kemendikbud terjepit dalam ketidakpastian Tunjangan Kinerja (Tukin) yang telah ditunggak sejak 2020. Aksi simbolik Aliansi Dosen ASN Kemendikbud (ADAKSI) pada 6 Januari 2025 menuntut pemerintah segera menerbitkan Perpres dan mengalokasikan anggaran Tukin. https://t.co/IIiSFIR9ES,,1,3,[]
1885641745477554467,2025-02-01 10:50:00+00:00,detikcom,,"Besaran gaji Aparatur Sipil Negara (ASN) diatur dalam Peraturan Pemerintah Nomor 5 Tahun 2024. Ini juga mencakup gaji dosen PNS.
https://t.co/s04eCprg09",,0,2,[]
1880094449902235672,2025-01-17 03:27:01+00:00,Jawa Pos,Jakarta,"Setelah Pembahasan Cukup Lama, Akhirnya Pemerintah Setujui Tunjangan Kinerja Dosen ASN

https://t.co/h6W6P9FhhQ",,0,4,[]
1886248158248026594,2025-02-03 02:59:40+00:00,Progresip | Media Kelas Pekerja,"Jakarta, Indonesia","ğŸ“Hari ini progresiP akan melaporkan langsung aksi Aliansi Dosen ASN Kemendikti Saintek (Adaksi) menggelar demo tuntut tunjangan kinerja di Istana Negara, Jakarta, Senin (3/2/2025).  Ikuti terus ğŸ“·Live Thread ini:

cc @pekerjakampus @tukin_dosenASN https://t.co/KsmSqJ24WC",,4,455,[]
1886333880774623311,2025-02-03 08:40:18+00:00,Katadata.co.id,Jakarta,"Ratusan dosen ASN berunjuk rasa di Jakarta menuntut pembayaran tunjangan kinerja yang belum dibayarkan sejak 2020 di kawasan Patung Kuda Monas, Jakarta Pusat, Senin (3/2).

Selengkapnya https://t.co/EqvCQIYiJk https://t.co/Fi3418mZ56",,0,2,[]
1877649081754870225,2025-01-10 09:30:00+00:00,Validnews Indonesia,"Jakarta Capital Region, Indone",Aliansi Dosen ASN Kemendiktisaintek Seluruh Indonesia (ADAKSI) mengadakan aksi untuk mendesak pemerintah mencairkan tunjangan kinerja (tukin) dosen. Tukin ini belum direalisasikan meski sudah diatur dalam Peraturan Menteri Pendidikan dan Kebudayaan Nomor 49 Tahun 2020. https://t.co/JkckrtNzKE,,0,1,[]
1886226727862419832,2025-02-03 01:34:30+00:00,Sugeng Hartono,"Banyumas, Indonesia","Part 1 - The anatomy of writing by Hartono

Dukung aksi Aliansi Dosen ASN Kemdiktisaintek Seluruh Indonesia untuk menuntut tunjangan kinerja dosen yang sudah menjadi haknya secara hukum.

@tukin_dosenASN 

#tukinforall #bayartukindosenkemdiktisaintek #dosenbukansapiperah https://t.co/lm9uve6US9",,1,25,"['tukinforall', 'bayartukindosenkemdiktisaintek', 'dosenbukansapiperah']"
1886354881776386361,2025-02-03 10:03:45+00:00,Media Indonesia,Jakarta - Indonesia,"PARA dosen aparatur sipil negara ( ASN) melakukan aksi damai menuntut pencairan tunjangan kinerja (tukin), di depan Istana Negara, Jakarta, Senin (3/2)

https://t.co/tas5tqnDUt",,0,3,[]
1886384672436883770,2025-02-03 12:02:07+00:00,juliana,Aragua,"Ajuan tukin dosen ASN pada 2025 ini telah disetujui banggar DPR
#Prabowo
#IndonesiaEmas https://t.co/twr2mVgvQM",,87,86,"['Prabowo', 'IndonesiaEmas']"
1886372998015533516,2025-02-03 11:15:44+00:00,Kompas.com,Jakarta,"""Tunjangan Kinerja (Tukin) bertujuan untuk meningkatkan kinerja dan profesionalisme ASN di lingkungan kampus dan hal itu akan berdampak pada peningkatan kinerja PTN secara komprehensif,"" ujar Yudiaryani | #TukinDosen 

https://t.co/xcUzLuF19E",,0,1,['TukinDosen']
1886336322257784836,2025-02-03 08:50:00+00:00,Media Indonesia,Jakarta - Indonesia,"Kementerian Pendidikan Tinggi, Sains, dan Teknologi (Kemendikti-saintek) menyatakan telah mengadakan sosialisasi mengenai tiga skema tunjangan kinerja (tukin) bagi dosen Aparatur Sipil Negara (ASN) di Perguruan Tinggi Negeri (PTN).

https://t.co/kNEi0emYZe",,0,0,[]
1880870561578160248,2025-01-19 06:51:01+00:00,MCR,,Mohon sampaikan ke pimpinan @Kemdiktisaintek dan @KemenkeuRI tentang wajib dan penting nya pencairan Tunjangan Kinerja Tukin Dosen ASN Kemdiktisaintek.,,0,42,[]
1886302884838404299,2025-02-03 06:37:08+00:00,Solopos,"Solo, Central Java, Indonesia",Aliansi Dosen ASN Se-Indonesia Demo Minta Tunggakan Tukin Sejak 2020 Dibayarkan Dosen ASN se-Indonesia meminya tunjangan kinerja (tukin) dosen ASN 2020-2024 untuk dapat dicairkan. https://t.co/mkujpdAz0q https://t.co/8ARQUcVCFc,,0,0,[]
1880197119753220521,2025-01-17 10:15:00+00:00,detikcom,,"Soal pembayaran tunjangan dosen ASN, Mendikti sebut optimis ada solusi. Begini progresnya saat ini.

Via @detik_edu  https://t.co/5QqylhbKm0",,0,3,[]
1880446117990789577,2025-01-18 02:44:26+00:00,MonkeyDisana,Yogyakarta,"Ayo bayar Tunjangan Kinerja Dosen ASN kemendikti saintek januari 2025, sudah 5 tahun dari 2020 belum dibayarkan
@Itjen_Kemdikbud 
@tukin_dosenASN 
@NajwaShihab 
@prastow 
#bayartukindosenkemdiktisaintek",,0,33,['bayartukindosenkemdiktisaintek']
1886295766538584121,2025-02-03 06:08:51+00:00,detikcom,,"Di Jakarta, dosen-dosen berstatus ASN berdemonstrasi menuntut tunjangan kinerja. Di Surakarta, aksi unjuk rasa serupa juga digelar dosen-dosen ISI Solo. https://t.co/43TTZfveEh",,7,36,[]
1880164388839260554,2025-01-17 08:04:56+00:00,DPC Demokrat Sumenep,"Kota Sumenep, Indonesia","Tingkatkan Kesejahteraan Dosen, Demokrat Harap Tunjangan Kinerja Dosen ASN Segera Dibayarkan

Bramantyo Suwondo
Anggota Komisi X DPR RI Fraksi Partai Demokrat
#demokratbersamarakyat 
#demokratjatim 
#demokratsumenep https://t.co/O8Promy0Qu",,0,0,"['demokratbersamarakyat', 'demokratjatim', 'demokratsumenep']"
1880580507429421435,2025-01-18 11:38:27+00:00,suaraindonews.com,Jakarta Capital Region,Azhari Cage Desak Presiden Segera Atasi Tunggakan Tunjangan Kinerja Dosen ASN https://t.co/fE2MBL5SxF https://t.co/M7J6bSD6So,,0,0,[]
1876138247249866925,2025-01-06 05:26:29+00:00,Media Indonesia,Jakarta - Indonesia,"Pernyataan Kementerian Pendidikan Tinggi, Sains dan Teknologi (Kemendiktisainstek)Â yang menyebut tidak ada anggaran untuk tunjangan kinerja (tukin) dosen ASN membuat banyak dosen resah. https://t.co/PJQQCbaz2J",,2,1,[]
1886420430946222081,2025-02-03 14:24:13+00:00,Kompas Data,"Palmerah, Jakarta","Dosen ASN Kemendiktisaintek di seluruh Indoensia tidak lagi pasrah. Mereka terus bergerak menuntut pembayaran tunjangan kinerja dari tahun 2020 hingga sekarang.Â  #Humaniora #AdadiKompas  
  
https://t.co/mbH1QPZybr",,0,3,"['Humaniora', 'AdadiKompas']"
1876257409980928326,2025-01-06 13:20:00+00:00,Media Indonesia,Jakarta - Indonesia,"SEJUMLAH organisasi dosen menyatakan kekecewaan atas ketidakjelasan realisasi Tunjangan Kinerja (Tukin) dosen ASN.
https://t.co/lfx6pYCBfs",,0,3,[]
1886729040788381899,2025-02-04 10:50:31+00:00,LPM Retorika FISIP UNAIR,Surabaya,"Baca selengkapnya di https://t.co/tw8HTBfQo2: (Liputan Khusus, Tunjangan Kinerja Dosen ASN: Masa Depan Pendidikan yang Terancam)
https://t.co/K3wZF7Cu0v",1886728754774597912,1,2,[]
1882084808634823085,2025-01-22 15:16:00+00:00,Akuratco,Jakarta Capital Region,"Anggota Komisi III DPR RI, Nasir Djamil, mendesak pemerintah segera mencairkan tunjangan kinerja (tukin) bagi dosen yang berstatus ASN di Kementerian Pendidikan Tinggi, Sains, dan Teknologi.

Nasir mengungkapkan, dirinya menerima aspirasi dari dapil Aceh terkait keterlambatan https://t.co/7MZ7Tjsqtw",,0,0,[]
1881936077906223141,2025-01-22 05:25:00+00:00,detikcom,,"Kemenkeu setujui tunjangan kinerja dosen ASN sebesar Rp2,5 triliun. Pencairan tukin butuh Perpres baru, Komisi X akan kawal proses ini hingga tuntas.

Via @detik_edu  https://t.co/nxZgqcxLjO",,0,8,[]
1886391550508429788,2025-02-03 12:29:27+00:00,iNews,iNews Tower,"Ratusan dosen ASN Kemendikti Saintek melakukan aksi unjuk rasa di Patung Kuda, Kawasan Monas, Jakarta Pusat, Senin (3/1/2025). Mereka mendesak pemerintah untuk mencarikan Tunjangan Kerja (Tukin) yang belum dibayarkan sejak tahun 2020. https://t.co/87oskIuTf0

#Demo #ASN #Tukin https://t.co/z7sY1yIfiD",,0,1,"['Demo', 'ASN', 'Tukin', 'iNews', 'iNews_MF']"
1876890693190270990,2025-01-08 07:16:26+00:00,prajna,Jakarta Capital Region,"Tunjangan profesi dan gaji dosen ASN per bulan

Sumber: Tempo (https://t.co/LwURijHpmz) https://t.co/BzpcdSQkGX",1876890452265165220,1,1,[]
1879814504059691397,2025-01-16 08:54:37+00:00,DPD Demokrat Sumbar,"Padang, Indonesia","Tingkatkan Kesejahteraan Dosen, Demokrat Harap Tunjangan Kinerja Dosen ASN Segera Dibayarkan

Bramantyo Suwondo
Anggota Komisi X DPR RI Fraksi Partai Demokrat https://t.co/eBPnkgWPm6",,0,0,[]
1886742691742175381,2025-02-04 11:44:46+00:00,tempo.co,Indonesia,"Ratusan dosen berunjuk rasa di dekat kompleks Istana Kepresidenan, Jakarta Pusat, Senin kemarin.

Mereka menuntut pemerintah untuk membayar tunjangan kinerja yang belum dibayar sejak 2020 hingga tahun ini.
https://t.co/Qoz2GXW5XY",1886742687359099095,1,90,[]
1876254893100413227,2025-01-06 13:10:00+00:00,Media Indonesia,Jakarta - Indonesia,"PERNYATAAN Kementerian Pendidikan Tinggi, Sains dan Teknologi  (Kemendiktisainstek)Â yang menyebut tidak ada anggaran untuk tunjangan  kinerja (tukin) dosen ASN membuat banyak dosen resah.

https://t.co/PJQQCba1db",,0,1,[]
1886344927904174540,2025-02-03 09:24:12+00:00,Kompas Klasika,"Palmerah Selatan, Jakarta","Aliansi Dosen ASN Kemendiktisaintek wilayah Yogyakarta turut menggelar aksi di ISI Yogyakarta agar tunjangan kinerja atau tukin segera dicairkan. #Foto #AdadiKompas

https://t.co/u45BADxkfK",,0,1,"['Foto', 'AdadiKompas']"
1885255450477641944,2025-01-31 09:15:00+00:00,detikcom,,"Tunjangan kinerja dosen ASN di bawah Kemendiktisaintek hanya akan dibayarkan untuk tahun 2025. Tukin untuk 2020-2024 tidak dapat diberikan. Kenapa?

Via @detik_edu  https://t.co/4a1EtmsVlo",,0,4,[]
1886420376609079705,2025-02-03 14:24:00+00:00,detikcom,,"Aliansi dosen melakukan demonstrasi di sekitar Monas. Mereka menuntut soal tunjangan kinerja segera dibayarkan. Tuntutan itu bukan hanya untuk ASN, tapi juga semua dosen. https://t.co/ElnX6KbXiy",,1,6,[]
1887285858551959886,2025-02-05 23:43:07+00:00,Kompas.com,Jakarta,"Stella Christie menegaskan bahwa tunjangan kinerja (Tukin) untuk dosen Aparatur Sipil Negara (ASN) yang belum dibayarkan pada 2020 hingga 2024 tidak dapat dicairkan.

~N #Tukin #Dosen #ASN #KemendiktiSaintek
https://t.co/Oi40AW1Qzm",,87,337,"['Tukin', 'Dosen', 'ASN', 'KemendiktiSaintek']"
1885236372556177545,2025-01-31 07:59:11+00:00,gokepri,"Kota Batam, Kepulauan Riau","Kemdiktisaintek jelaskan alasan tunjangan kinerja dosen ASN 2020-2024 tak cair. Anggaran Rp2,5 triliun dari DPR diusulkan sebagai solusi awal. https://t.co/aQ3pJhLVEi",,0,0,[]
1879434227978277365,2025-01-15 07:43:32+00:00,Tribun Kaltim,"Balikpapan, Indonesia","Dosen ASN Protes! Tukin dan Tunjangan Profesi 2025 Tidak Dianggarkan, Kemenkeu Ungkap Penyebabnya

#TribunKaltim #Dosen #Tukin #TunjanganProfesi
 
https://t.co/pqtLVcy9kr lewat @tribunnews",,0,0,"['TribunKaltim', 'Dosen', 'Tukin', 'TunjanganProfesi']"
1880539714845114692,2025-01-18 08:56:21+00:00,Nindya,,Pak Presiden @prabowo sudah 5 tahun tunjangan kinerja dosen asn Indonesia tidak dibayar pak #DosenDimiskinkanNegara #dosenbukansapiperah #SaifAliKhan #Ø¬Ù…Ù‡ÙˆØ±_Ø§Ù„Ø§Ù‡Ù„ÙŠ_ÙŠØ·Ø§Ù„Ø¨_Ø¨Ø§Ù„ØªØ¯Ø®Ù„,,0,4,"['DosenDimiskinkanNegara', 'dosenbukansapiperah', 'SaifAliKhan', 'Ø¬Ù…Ù‡ÙˆØ±_Ø§Ù„Ø§Ù‡Ù„ÙŠ_ÙŠØ·Ø§Ù„Ø¨_Ø¨Ø§Ù„ØªØ¯Ø®Ù„']"
1876414415442227492,2025-01-06 23:43:53+00:00,Tati Samhadi,,"â€Kerja Keras Dibilang Pengabdian, Tagih Tukin Dibilang Bebanâ€
Para dosen ASN Kemendiktisaintek yang kecewa atas batalnya pembayaran tunjangan kinerja dosen mulai memprotes lewat kiriman papan bunga.
Baca Kompas
https://t.co/410Nt8jIvj
@hariankompas",,0,6,[]
1886327255707652504,2025-02-03 08:13:58+00:00,Solopos,"Solo, Central Java, Indonesia",Dosen ASN Tuntut Tukin 2020-2024 Dicairkan Penuh Aliansi Dosen ASN Kemdiktisaintek Seluruh Indonesia (ADAKSI) menuntut pemerintah untuk mencairkan semua tunjangan kinerja (Tukin) dosen tanpa terkecuali mulai dari 2020 hingga 2024. https://t.co/qJw7OdhI4n https://t.co/yhDmD5Q3Cc,,0,0,[]
1877046778429591593,2025-01-08 17:36:40+00:00,Pak Ketua,Ketua Rumah Tangga,"@tempodotco Kalau memang mau hapus Tunjangan Kinerja (Tukin), jangan hanya ASN dosen yang dihapus, hapus juga Tukin untuk semua ASN.

Banyak ASN (non dosen) di Instansi Kepemerintahan, pusat maupun daerah yang dari kinerja 'seharusnya' mereka tidak layak menerima tunjangan.",1876850681136726214,3,48,[]
1886331540478570516,2025-02-03 08:31:00+00:00,Solopos,"Solo, Central Java, Indonesia","Tukin Tak Dibayarkan Sejak 2020, Ratusan Dosen ISI Jogja Gelar Unjuk Rasa Aksi unjuk rasa menuntut pembayaran tunjangan kinerja (tukin) diikuti ratusan dosen aparatur sipil negara (ASN) Institut Seni Indonesia (ISI) Yogyakarta. https://t.co/BTubkZ6MAR https://t.co/Y3P5uSz2Tq",,0,0,[]
1886768367744508261,2025-02-04 13:26:47+00:00,KISS FM JEMBER,Jember,"Dosen ASN Kemendiktisaintek Siap Mogok Nasional Jika Tunjangan Tak Dibayar

https://t.co/jFWQYnQrjQ",,0,0,[]
1886782675668885683,2025-02-04 14:23:39+00:00,DPW PKB JAWA TIMUR,"Jawa Timur, Indonesia","Perihal Tunjangan Kinerja (Tukin) dosen yang tertunggak semenjak tahun 2020, legislator PKB mengingatkan bahwa komitmen mensejahterakan ASN secara adil harus tetap dilaksanakan tanpa terkecuali

#PKB
#LebahJatim
#DPWPKBJatim
#PKBJatim
#JatimBangkit
#JatimMaju
#KaderPKBJatim https://t.co/mfuBHsoGua",,0,4,"['PKB', 'LebahJatim', 'DPWPKBJatim', 'PKBJatim', 'JatimBangkit', 'JatimMaju', 'KaderPKBJatim']"
1886252124956405973,2025-02-03 03:15:26+00:00,Sugeng Hartono,"Banyumas, Indonesia","Dukung Aliansi Dosen ASN Kemdiktisaintek Seluruh Indonesia untuk menuntut tunjangan kinerja dosen yang sudah menjadi haknya secara hukum.

@tukin_dosenASN @Kemdiktisaintek @Gerindra @prabowo @rockygerung @tempodotco @NarasiNewsroom #tukinforall #bayartukindosenkemdiktisaintek https://t.co/V5qU0sBW4h",1886251501414477952,1,3,"['tukinforall', 'bayartukindosenkemdiktisaintek']"
1887465840192409769,2025-02-06 11:38:18+00:00,Kompas.com,Jakarta,"Kemendikti: Anggaran Tukin Rp 2,5 Triliun untuk 33.957 Dosen ASN

Baca di https://t.co/uTB1fU95lI https://t.co/2QaoB7XLFL",,0,14,[]
1886274271221317978,2025-02-03 04:43:26+00:00,Pejuang Tukin Dosen ASN Kemendiktisaintek,Negara tanpa Keadilan,"Dosen berhak mendapatakan TUKIN sejak tahun 2020. Tukin dosen untuk semua,, 2020-2024 harga mati.
#tukinforall
#dosenbukansapiperah 
#bayartukindosenkemdiktisaintek https://t.co/BSpZAjMVyl",1886270801063899454,0,53,"['tukinforall', 'dosenbukansapiperah', 'bayartukindosenkemdiktisaintek']"
1887494372205469989,2025-02-06 13:31:40+00:00,perupadata,,"Ini hitungan polemik tukin dosen ASN. Belum cair sejak 2020, tapi Kemendiktisaintek cuma memproses tukin 2025 saja.

Diusulkan 8 triliun untuk 80 ribu dosen. Diberikan juga skenario moderat dan minimalis.

Yang disetujui? Bahkan lebih kecil daripada skenario paling pesimis. https://t.co/uC67iduMyM",,1,18,[]
1887425147029889400,2025-02-06 08:56:36+00:00,H a n s o l o ğŸ’«,Indonesia,"Padahal dosen itu jam kerjanya lebih banyak lebih dari ASN yang lain.
Sampai rumah aja kerja, siapin materi kuliah, baca skripsi/tesis yang akan diuji bahkan zoom meeting sampai malam.
Gue tau karena adek gue dosen ASN.
https://t.co/lgkn7Y7S5c",,3,13,[]
1882416101382139926,2025-01-23 13:12:26+00:00,antaranews.com,NKRI,"Kementerian Pendidikan Tinggi, Sains, dan Teknologi (Kemendiktisaintek) menyiapkan tiga skenario terkait dengan pemberian tunjangan kinerja (tukin) dosen berstatus aparatur sipil negara (ASN). https://t.co/IF8ZpmkUv0",,1,1,[]
1886258308463620559,2025-02-03 03:40:00+00:00,Media Indonesia,Jakarta - Indonesia,"Ketua Komisi X DPR RI Hetifah Sjaifudian merespon rencana dosen ASN yang akan melakukan demo di depan Istana Negara Jakarta. Ia menegaskan DPRI RI akan sangat serius dan proaktif dalam menjawab aspirasi para dosen terkait tunjangan kinerja (tukin).

https://t.co/KdfSo7jKhP",,0,0,[]
1881196175141073327,2025-01-20 04:24:53+00:00,Radio Elshinta,,"Kementerian Keuangan dikabarkan telah menyetujui anggaran tunjangan kinerja (tukin) dosen Aparatur Sipil Negara (ASN). Hal ini disampaikan Menteri Pendidikan Tinggi, Sains, dan Teknologi (Mendikti-Saintek) Satryo Soemantri Brodjonegoro, dijelaskan Mendikti-Saintek, Kementerian https://t.co/FOd4vnm8kh",,0,1,['E200111']
1886417081052299386,2025-02-03 14:10:54+00:00,na,ic: lamentover | 25,"Tunjangan kinerja dosen ASN âŒ
Buzzer, influencer, printilan stafsus yadda yadda yang gajelas kinerjanya tapi gajinya gede âœ…",,0,5,[]
1886512483059556789,2025-02-03 20:30:00+00:00,Radio Elshinta,,Dosen ASN tuntut semua tunjangan kinerja dicairkan tanpa terkecuali https://t.co/Umua4RQD7W,,0,1,[]
1886298573714899292,2025-02-03 06:20:00+00:00,tempo.co,Indonesia,"Komisi X Beberkan Alasan Kemendiktisaintek Tak Bisa Bayar Tukin Dosen ASN Secara Penuh
https://t.co/LbacHjHfUN",,1,4,[]
1876198149607334196,2025-01-06 09:24:31+00:00,Harian Kompas,"Palmerah, Jakarta","Para dosen ASN Kemendiktisaintek yang kecewa atas batalnya pembayaran tunjangan kinerja dosen mulai memprotes lewat kiriman papan bunga. #Humaniora #AdadiKompas

https://t.co/MjmPHZIjzl",,2,2,"['Humaniora', 'AdadiKompas']"
1886324107366764850,2025-02-03 08:01:28+00:00,detikcom,,"Aliansi dosen ASN demo menuntut tunjangan kinerja dicairkan. Mereka berharap Presiden Prabowo beri perhatian, sebab Kemendiktisaintek tak kunjung merespons. https://t.co/aBrueTZmQn",,0,2,[]
1882608686738309525,2025-01-24 01:57:42+00:00,Katadata.co.id,Jakarta,"Kementerian Keuangan akan mencairkan pembayaran tunjangan kinerja (tukin) untuk para dosen Aparatur Sipil Negara (ASN) Rp2,5 triliun. Anggaran tersebut untuk membayar tukin sebanyak 33.957 dosen ASN. 

Baca selengkapnya: https://t.co/BTTuXr5aPC

Kreator Konten: Rizka R.
Reporter: https://t.co/LDOxfiiStB",,1,2,"['TunjanganKinerja', 'TukinDosen', 'Kemenkeu', 'LaluHadrianIrfani', 'Katadatacoid']"
1877398086261071890,2025-01-09 16:52:38+00:00,Anna,Indonesia,"Ini serius nggak sih tunjangan dosen ASN dihapuskan karena tdk dialokasikan sbg imbas dari PEMISAHAN KEMENTERIAN?

Really, govt? Haven't ya'll familiarize urself with the concept of PRIORITIES?",,0,1,[]
1880509955817762869,2025-01-18 06:58:06+00:00,Zoom project,,"proyek yang TIDAK JELAS manfaatnya seperti IKN di stop saja, alihkan ke Tunjangan Kinerja DOSEN ASN KEMENRISTEKDIKTI, mereka TIDAK pernah dapat TUNJANGAN KINERJA, take home pay hanya 2-3juta, kalah sama lulusan SMA. ada yang lulusan S3 nyambi jadi OJOL.
#DosenDimiskinkanNegara",,0,0,['DosenDimiskinkanNegara']
1877522294072807876,2025-01-10 01:06:12+00:00,Arya Duta Boekanáµ—áµ,ğŸ‡®ğŸ‡© Indonesia,"Para pejabat Kementerian Pendidikan Tinggi perlu berlatih mencari alasan lain. Argumen penghapusan tunjanganÂ dosen ASNÂ karena pemisahan dan nomenklatur baru, gugur karena pegawai kementerian lain yang lembaganya dibelah, tetap mendapat tunjangan kinerja.
https://t.co/exfWw5MsLK",,0,1,[]
1878719387525587170,2025-01-13 08:23:01+00:00,Marina Nasution,Indonesia,"Struktur keuangan kita, beserta pejabat yang mengelolanya nih udah busuk banget, gak heran public budget buat pendidikan (tunjangan dosen ASN) dan mandatory budget kesehatan dipangkas.",,0,1,[]
1886442280514711749,2025-02-03 15:51:02+00:00,cikangÂ²â´,pronouns : any,"dosen ASN terlantarkan oleh negara
anggaran negara diperasÂ², diefisiensikan, dihabiskan untuk makan siang gratis sehingga pendidikan tidak lagi menjadi priotias utama padahal masih banyak siswa/i2 daerah 3T yang menjadi korban komersialisasi pendidikan. Tanah dirampas. gak lawan?",,2,5,[]
1886361796619251816,2025-02-03 10:31:13+00:00,Mudafiq R. Pratama,Jember,"Hari ini, dosen ASN @kemdiktisaintek turun ke jalan!
Kami sedang menjalankan Tri Dharma. Hari ini, pengabdian kami adalah memperjuangkan hak yang selama ini diabaikan. Bayarkan tukin dosen ASN! 
#tukinforall
#bayartukindosenkemdiktisaintek
#dosenbukansapiperah 
@tukin_dosenASN https://t.co/GoTldWVPyW",,0,1,"['tukinforall', 'bayartukindosenkemdiktisaintek', 'dosenbukansapiperah']"
1878763369567817813,2025-01-13 11:17:47+00:00,BBC News Indonesia,London - Jakarta,"Sejumlah pengamat pendidikan menilai alasan Kemendikti Saintek tidak menganggarkan tunjangan kinerja dosen ASN karena perubahan nomenklatur, ""terlalu mengada-ada"". 

Sebab aturan tukin dosen ASN adalah amanat UU ASN tahun 2014.",1878763366837281143,3,18,[]
1882309790409330772,2025-01-23 06:10:00+00:00,Media Indonesia,Jakarta - Indonesia,"Kementerian Pendidikan Tinggi, Sains dan Teknologi (Kemendikti-Saintek) mengatakan bahwa persoalan tunjangan kinerja (tukin) bagi dosen ASN saat ini masih dalam tahap proses perhitungan.

https://t.co/7FmoL0n599",,1,1,[]
1886228434109796384,2025-02-03 01:41:17+00:00,Sugeng Hartono,"Banyumas, Indonesia",Dukung aksi Aliansi Dosen ASN Kemdiktisaintek Seluruh Indonesia untuk menuntut tunjangan kinerja dosen yang sudah menjadi haknya secara hukum.  @tukin_dosenASN #tukinforall #bayartukindosenkemdiktisaintek https://t.co/VZ9zwn32VA,1886228261757435929,1,8,"['tukinforall', 'bayartukindosenkemdiktisaintek']"
1886418697616794051,2025-02-03 14:17:20+00:00,Kami Indonesia,,"Sekretaris Jenderal Kemdiktisaintek Togar M. Simatupang menegaskan bahwa tunjangan kinerja (tukin) dosen aparatur sipil negara (ASN) untuk periode 2020-2024 tidak dapat dirapel atau dibayarkan pada tahun ini maupun di masa mendatang.

https://t.co/KATI2UQ3r4",,0,0,[]
1877489837340766265,2025-01-09 22:57:13+00:00,Pejuang Tukin Dosen ASN Kemendiktisaintek,Negara tanpa Keadilan,"*UNDANGAN TERBUKA*
Kawan-kawan Dosen ASN Kemendiktisaintek Seluruh Indonesia!
Seharusnya, Dosen ASN Kemdiktisaintek menerima TUKIN sebagai tambahan penghasilan pegawai (di luar gapok/serdos) per bulannya sebesar :
*Asisten Ahli (kelas jabatan 9): Rp. 5.000.000*
*Lektor (kelas https://t.co/DadJuM9Th7",,16,598,[]
1886929562472505841,2025-02-05 00:07:19+00:00,dustysparkling,"Semarang, Jawa Tengah","Terus ASN ASN juga ga boleh speak up, disinisin sesama ASN kalau bahas politik.

Noh gaji gajimu juga hasil kebijakan kepala negara. Banyak anggaran Kemen yg sekarang dipangkas. Berdampak juga ke tukin2mu itu.
Dosen ASN aja tunjangan ga keluar 4 tahun.
NyesekğŸ’”ğŸ’”ğŸ’”",,1,0,[]
1886934451155808601,2025-02-05 00:26:45+00:00,iscab.saptocondro,third rock from the sun,"https://t.co/umwheYTzVP  

Dosen ASN Tuntut Tunjangan Kinerja ke Istana  

https://t.co/WcVf3uQQMd",,0,0,[]
1887304097663255025,2025-02-06 00:55:35+00:00,ğ•­ ğ•º ğ•¸ ğ•­ ğ•° ğ•½ â“‰â“œ,"Grindelwald, Switzerland","Stella Christie menegaskan bahwa tunjangan kinerja (Tukin) untuk dosen Aparatur Sipil Negara (ASN) yang belum dibayarkan pada 2020 hingga 2024 tidak dapat dicairkan.

Loh emang anggaran tsb dialihkan @jokowi kemana ya ?ğŸ¤”
Tahun 2020 - 2024 kan Presiden nya Jokowi",,3,8,[]
1880716000922046833,2025-01-18 20:36:51+00:00,Pejuang Tukin Dosen ASN Kemendiktisaintek,Negara tanpa Keadilan,"Oleh karena itu, sistem penggajian yang adil untuk dosen harus bersifat holistik, mencakup:

- komponen gaji untuk menjamin kestabilan finansial dosen (Gaji Pokok, Tunjangan - termasuk TUKIN)
- komponen Insentif variabel untuk penghargaan atas kinerja ekstra",1880715438641811939,1,39,[]
1880529167718215871,2025-01-18 08:14:26+00:00,GusBeng Bali,"Jembrana, Bali","#DosenDimiskinkanNegara
#DosenBukanSapiPerahan#
#BayarTukinRapelDosenAsnKrmndiktisaintek#
Tunjangan kinerja dosen ASN Kemendikti 'tak dianggarkan' karena perubahan nomenklatur - 'Itu ngelesnya pemerintah saja' - BBC News Indonesia https://t.co/l0dYetDUwi",,0,6,['DosenDimiskinkanNegara']
1886275251191021917,2025-02-03 04:47:19+00:00,CNN Indonesia,,VIDEO: Ratusan Dosen ASN Demo Tuntut Pembayaran Tukin di Dekat Istana https://t.co/stAQoH98pe,,1,13,[]
1877671873275666522,2025-01-10 11:00:34+00:00,@si.oyen.2024,"Tangerang, Banten.","Anggaran untuk tunjangan dosen ASN âŒ
Anggaran untuk tunjangan menteri baru, wamen baru n staf ahli baru hasil pemecahan kementerian âœ…âœ…âœ…",,0,0,[]
1878722208820072686,2025-01-13 08:34:14+00:00,Pejuang Tukin Dosen ASN Kemendiktisaintek,Negara tanpa Keadilan,"Prinsip kami :
SEMARJAYA (SEbelum MAsuk Rekening JAngan percaYA)

Perjuangan tetap lanjoeet , ga kendor sama sekaliğŸ”¥

https://t.co/Y13z1eFAki",,7,396,[]
1877587631317373063,2025-01-10 05:25:49+00:00,KalderaNews,Jakarta,Turut Berdukacita atas Batalnya Pencairan Tunjangan Kinerja (Tukin) Dosen ASN https://t.co/qlUujipEa4,,0,0,[]
1879779367087473031,2025-01-16 06:35:00+00:00,Media Indonesia,Jakarta - Indonesia,"Menteri Pendidikan Tinggi, Sains, dan Teknologi (Mendiktisaintek) Satryo Soemantri Brodjonegoro mengatakan pemerintah masih mengupayakan tunjangan kinerja (tukin) dosen bersttatus aparatur sipil negara (ASN)Â yang belum cair.

https://t.co/uco2K8yBLX",,0,0,[]
1876441975442100433,2025-01-07 01:33:24+00:00,KalderaNews,Jakarta,Turut Berdukacita atas Batalnya Pencairan Tunjangan Kinerja (Tukin) Dosen ASN https://t.co/qlUujiqbZC,,0,0,[]
1886418672815874446,2025-02-03 14:17:14+00:00,Hypevox,,"Sekretaris Jenderal Kemdiktisaintek Togar M. Simatupang menegaskan bahwa tunjangan kinerja (tukin) dosen aparatur sipil negara (ASN) untuk periode 2020-2024 tidak dapat dirapel atau dibayarkan pada tahun ini maupun di masa mendatang.

https://t.co/ghcHzm0tqM",,0,0,[]
1885199833700430214,2025-01-31 05:34:00+00:00,detikcom,,"Senin tanggal 3 Februari nanti, dosen ASN di bawah Kemendiktisaintek akan demo di depan Istana Kepresidenan Jakarta, menuntut hak yang belum dibayarkan.  https://t.co/hTOZ0tmmfY",,0,5,[]
1879837372264710456,2025-01-16 10:25:29+00:00,Pejuang Tukin Dosen ASN Kemendiktisaintek,Negara tanpa Keadilan,"3. nominal tukin jauh lebih besar dari tunjangan profesi (sertifikasi dosen) yang diperoleh dengan perjuangan yang berat dan lama, sementara tukin melekat dengan gaji pegawai non-dosen TANPA SYARAT (begitu lulus ASN, maka Tenaga non-dosen langsung menerima tukin, tapi dosen baru",1879836524545507724,1,22,[]
1879008626863685968,2025-01-14 03:32:21+00:00,BeritaSatu,Jakarta,"Pemerintah Upayakan Tunjangan Kinerja untuk Dosen ASN, Menko PMK Pratikno Sampaikan Progres #BNetwork
https://t.co/RCWpNQdVNF",,0,0,['BNetwork']
1887421824147038421,2025-02-06 08:43:24+00:00,Magdalene,Jakarta,Pemerintah berjanji akan segera membayar tukin dosen ASN sambil menunggu peraturan presiden (perpres). https://t.co/hX3iMNvgf5,1887421819625300202,1,3,[]
1886237611595108527,2025-02-03 02:17:45+00:00,Sugeng Hartono,"Banyumas, Indonesia","Part 8 - Bedah - The anatomy of writing by Hartono

Dukung aksi Aliansi Dosen ASN Kemdiktisaintek Seluruh Indonesia untuk menuntut tunjangan kinerja dosen yang sudah menjadi haknya secara hukum.  

@tukin_dosenASN #tukinforall #bayartukindosenkemdiktisaintek #dosenbukansapiperah https://t.co/bnMKvyYLpV",1886236893769347293,1,3,"['tukinforall', 'bayartukindosenkemdiktisaintek', 'dosenbukansapiperah']"
1886742720615735550,2025-02-04 11:44:53+00:00,tempo.co,Indonesia,Sekretaris Jenderal Kementerian Pendidikan Tinggi Togar Mangihut Simatupang mengakui surat edaran itu dan membenarkan bahwa kewajiban untuk membayar tunjangan kinerja dosen ASN yang belum dibayar sejak 2020 sampai 2024 memang bukan tanggung jawab mereka.,1886742716597575838,3,38,[]
1882440652941898063,2025-01-23 14:50:00+00:00,Radio Elshinta,,"Wakil Ketua Komisi X Lalu Hadrian mengatakan, terdapat beberapa poin pembahasan dalam rapat kerja tersebut, Salah satunya adalah mengenai tunjangan kinerja untuk dosen ASN yang belum cair sejak lima tahun lalu, Kamis (23/01). ğŸ“¸Ard
#BeritaElshinta https://t.co/dKbOhZrXEp",,0,1,['BeritaElshinta']
1885934610766602458,2025-02-02 06:13:44+00:00,Siska Benangsari,,"Estimasi  ğŸ“Š ASN (PNS)
ğŸ‘¨â€ğŸ« Dosen ASN: 88.000 orang
ğŸ‘©â€ğŸ« Guru ASN: 300.000 orang
ğŸ‘¨â€ğŸ’¼ Pegawai Pusat+Daerah: 125.370 orang

ğŸ“Š Penerima Tunjangan Profesi Guru Non-PNS: 185.096 orang

ğŸ“š Dosen/Guru Besar penerima serdos+tunjangan kehormatan 67.082 orang

Nah, bagaimana alokasi gajinya?",1885933095364551093,1,8,[]
1886227147381256472,2025-02-03 01:36:10+00:00,Sugeng Hartono,"Banyumas, Indonesia","Part 2 - The anatomy of writing by Hartono

Dukung aksi Aliansi Dosen ASN Kemdiktisaintek Seluruh Indonesia untuk menuntut tunjangan kinerja dosen yang sudah menjadi haknya secara hukum.

@tukin_dosenASN 

#tukinforall #bayartukindosenkemdiktisaintek #dosenbukansapiperah https://t.co/bawRPDtlUR",1886226727862419832,1,3,"['tukinforall', 'bayartukindosenkemdiktisaintek', 'dosenbukansapiperah']"
1880440634089304429,2025-01-18 02:22:38+00:00,Pejuang Tukin Dosen ASN Kemendiktisaintek,Negara tanpa Keadilan,"@SupitJm halo Grok @grok  bantu mimin yakinkan @Kemdiktisaintek dong,,kalau tukin dosen itu beda sama tunjangan profesi, besa sama tunjangan fungsional,,ğŸ¥²ğŸ¥²",1880409444745712029,3,11,[]
1887080404848709851,2025-02-05 10:06:43+00:00,Penerbit Deepublish,Yogyakarta,Keputusan Kementerian Keuangan yang menyetujui anggaran Tunjangan Kinerja (TUKIN) untuk dosen ASN menimbulkan perdebatan panas https://t.co/wRIM5RH0sC,,1,0,[]
1886236893769347293,2025-02-03 02:14:54+00:00,Sugeng Hartono,"Banyumas, Indonesia","Part 7 - Bedah - The anatomy of writing by Hartono

Dukung aksi Aliansi Dosen ASN Kemdiktisaintek Seluruh Indonesia untuk menuntut tunjangan kinerja dosen yang sudah menjadi haknya secara hukum.

@tukin_dosenASN 
#tukinforall #bayartukindosenkemdiktisaintek #dosenbukansapiperah https://t.co/HKA4Aaqdo5",1886236184533197054,1,3,"['tukinforall', 'bayartukindosenkemdiktisaintek', 'dosenbukansapiperah']"
1880429298643026140,2025-01-18 01:37:36+00:00,stress out,,"Proyek yang TIDAK JELAS manfaatnya seperti IKN di stop saja, alihkan ke Tunjangan Kinerja DOSEN ASN KEMENRISTEKDIKTI, mereka TIDAK pernah dapat TUNJANGAN KINERJA, take home pay hanya 2-3juta, kalah sama lulusan SMA. ada yang lulusan S3 nyambi jadi OJOL.

#DosenDimiskinkanNegara",,0,1,['DosenDimiskinkanNegara']
1885825134717706287,2025-02-01 22:58:43+00:00,Risvan A. Mukomuko,"Kota Bengkulu, Bengkulu","@puanmaharani_ri Mohon perhatian gak Tunjangan Kinerja (Tukin) dosen ASN yang tidak dibayar sejak tahun 2020 dengan alasan Nomenklatur, cacat prosedur, tidak diajukan dll. Kesalahan lembaga mengapa dosen yang kehilangan haknya?",1885576322522767563,0,3,[]
1886034961997889995,2025-02-02 12:52:30+00:00,g-news.id,,"Tunjangan Kinerja Dosen ASN Terhenti Sejak 2020, Adaksi Siap Gelar Demo Besar

https://t.co/WOnp4N3a2H",,0,0,[]
1877572132646813865,2025-01-10 04:24:14+00:00,Anti Premanisme !,"Jakarta Timur, DKI Jakarta","Ketidak berpihakan @prabowo pada Pendidikan !

Dosen Tidak Dapat Tukin di APBN 2025, Pemerintah Didesak Perjelas Status Tunjangan Kinerja Dosen ASN: Harus Ada Perpres
https://t.co/bp1ALOOcGd",,0,0,[]
1886351048471896366,2025-02-03 09:48:31+00:00,NawaBineka,"Jakarta, Indonesia","Sekjen Kemdikti Saintek Togar M. Simatupang menegaskan, tunjangan kinerja (tukin) dosen aparatur sipil negara (ASN) untuk periode 2020-2024 tidak dapat dirapel atau dibayarkan pada tahun ini maupun di masa mendatang.

https://t.co/twsE18sZnQ",,0,0,[]
1886930348485042490,2025-02-05 00:10:27+00:00,Radio Idola Semarang,"Semarang, Jawa Tengah","Topik Diskusi Pagi ini: Menyoroti Polemik Tunjangan Kinerja Dosen ASN. Berikut pandangan Pengamat pendidikan Universitas Negeri Semarang; Edi Subkhan, M.Pd  #NOW #LIVE #tunjangan #tukin #dosen #asn cc: @unneskonservasi",,0,0,"['NOW', 'LIVE', 'tunjangan', 'tukin', 'dosen', 'asn']"
1886790273172455646,2025-02-04 14:53:50+00:00,BBC News Indonesia,London - Jakarta,"Di sisi lain, dosen-dosen ASN harus berjuang untuk mendapatkan hak tunjangan kinerja mereka yang tidak dianggarkan oleh pemerintah karena Kementerian Pendidikan dipecah jadi tiga.
https://t.co/5acHxVfMOE",1886790271171748239,0,6,[]
1886238397137842307,2025-02-03 02:20:53+00:00,Sugeng Hartono,"Banyumas, Indonesia","Part 9 - Final - The anatomy of writing by Hartono

Dukung aksi Aliansi Dosen ASN Kemdiktisaintek Seluruh Indonesia untuk menuntut tunjangan kinerja dosen yang sudah menjadi haknya secara hukum.

@tukin_dosenASN

#tukinforall #bayartukindosenkemdiktisaintek #dosenbukansapiperah https://t.co/eQOOKN8vD0",1886237611595108527,1,3,"['tukinforall', 'bayartukindosenkemdiktisaintek', 'dosenbukansapiperah']"
1879483536052265117,2025-01-15 10:59:28+00:00,Kompas Data,"Palmerah, Jakarta","Janji pemerintah untuk mulai membayarkan tunjangan kinerja dosen ASNÂ  Kemendiktisaintek mulai januari 2025 tetap ditagih. Pemerintah diminta memperjuangkan anggaran. #Humaniora #AdadiKompas  
  
https://t.co/pjgrUFtI2m",,0,0,"['Humaniora', 'AdadiKompas']"
1886299380904509674,2025-02-03 06:23:12+00:00,Pikiran Rakyat,Indonesia,"Perwakilan dosen Aparatut Sipil Negara (ASN) yang tergabung dalam Aliansi Dosen ASN Kemendiktisaintek Seluruh Indonesia (ADAKSI) menggelar aksi damai di sekitar kawasan Patung Kuda, Jakarta Pusat, Senin, 3 Februari 2025.  

Ratusan dosen ASN tersebut mengaku belum menerima https://t.co/00Sf7moSf8",,0,1,[]
1875315033867219316,2025-01-03 22:55:20+00:00,Tati Samhadi,,"Sempat Dijanjkan, Tunjangan Kinerja Dosen Tahun 2025 Belum Bisa Direalisasikan
Kesejahteraan dosen masih belum menggembirakan. Tunjangan kinerja bagi dosen ASN yang dijanjikan turun tahun ini belum bisa terwujud.
Ikuti Kompas
https://t.co/cnCtRCP47i
@hariankompas",,0,0,[]
1887004022105891131,2025-02-05 05:03:12+00:00,Radio Idola Semarang,"Semarang, Jawa Tengah","#Podcast #TopicOfTheDay Diskusi @RadioIdolaSMG : Menyoroti Polemik Tunjangan Kinerja Dosen ASN 

https://t.co/nhKHfcSQM8 lewat @RadioIdolaSMG",,0,0,"['Podcast', 'TopicOfTheDay']"
1886236184533197054,2025-02-03 02:12:05+00:00,Sugeng Hartono,"Banyumas, Indonesia","Part 6 - Contoh - The anatomy of writing by Hartono

Dukung aksi Aliansi Dosen ASN Kemdiktisaintek Seluruh Indonesia untuk menuntut tunjangan kinerja dosen yang sudah menjadi haknya secara hukum.

@tukin_dosenASN 
#tukinforall #bayartukindosenkemdiktisaintek #dosenbukansapiperah https://t.co/mTklaLg1Wb",1886231086034010144,1,5,"['tukinforall', 'bayartukindosenkemdiktisaintek', 'dosenbukansapiperah']"
1878302600262783044,2025-01-12 04:46:51+00:00,Blair Waldorf,Jakarta Capital Region,"Terus ini dosen ASN cuma dapet gaji pokok tanpa tunjangan kinerja dan tunjangan profesi?

Kalo gapoknya ngga cukup, jadi nyari proyekan lain dong?

Terus masih ada beban administrasi? Masih harus nulis jurnal-jurnal? Terus jadi sulit ngasih kualitas ngajar yang baik dong?

HAH??!",,3,0,[]
1886282170412793924,2025-02-03 05:14:49+00:00,ASN Muda Indonesia,indonesia,"Dosen ASN Demo Tuntut Tunjangan Kinerja di Istana Hari Ini 

https://t.co/bLdJuAkduw",,0,2,[]
1886957918672797894,2025-02-05 02:00:00+00:00,radaraktualdotcom,,"Soal Tukin Dosen ASN 2020-2024, Kemdiktisaintek Tegaskan tak Bisa Dibayar

https://t.co/cduFEG7ptZ",,0,0,[]
1886342657330569694,2025-02-03 09:15:10+00:00,CNN Indonesia,,"FOTO: Momen Dosen ASN Demo Dekat Istana Minta Tukin Sejak 2020 Dibayar
https://t.co/G0abZKTpmx",,2,12,[]
1886456577869087219,2025-02-03 16:47:51+00:00,ikhwÄnuddÄ«n âœ¦,London,"Dr. @FatimahFat88111 : Dosen ASN Terabaikan dari Tukin Selama Lebih dari 10 Tahun #tukindosen

#tukinforall #bayartukindosenkemdiktisaintek #dosenbukansapiperah https://t.co/xEUFUWacf7",,2,15,"['tukindosen', 'tukinforall', 'bayartukindosenkemdiktisaintek', 'dosenbukansapiperah']"
1886227685833326810,2025-02-03 01:38:19+00:00,Sugeng Hartono,"Banyumas, Indonesia","Part 3 - Budi - The anatomy of writing by Hartono

Dukung aksi Aliansi Dosen ASN Kemdiktisaintek Seluruh Indonesia untuk menuntut tunjangan kinerja dosen yang sudah menjadi haknya secara hukum.

@tukin_dosenASN 
#tukinforall #bayartukindosenkemdiktisaintek #dosenbukansapiperah https://t.co/KiXylkOGio",1886227147381256472,1,3,"['tukinforall', 'bayartukindosenkemdiktisaintek', 'dosenbukansapiperah']"
1876051935721353403,2025-01-05 23:43:31+00:00,Tati Samhadi,,"Dosen Kecewa, Tuntut Realisasi Pembayaran Tunjangan Kinerja
Para dosen ASN Kementerian Pendidikan Tinggi, Sains, dan Teknologi mulai bergerak menuntut keadilan pembayaran tunjangan kinerja. Ini demi menjaga integritas.
Baca Kompas
https://t.co/C8NBnY4bri
@hariankompas",,0,0,[]
1886431540688896026,2025-02-03 15:08:22+00:00,Wong Deso,Jakarta Capital Region,"@tempodotco Maunya apa sih pemerintah ! 
Dosen itu sperti guru juga. Yg mengajarkan ilmu. Bukan ngajarin jdi koruptor dll ! 
Masak tunjangan kinerja dosen asn di hapus. Gilak ! Yg hrusnya dihilangkan itu tunjangan pejabat dri bawah smpai atas, tunjangan anggota2 dewan, yg nilainya gilak !",1886404270418968782,0,6,[]
1884658758657425839,2025-01-29 17:43:57+00:00,intinyadeh,di ujung lidah tapi gak keluar,"#intinyadeh abis rangkaian aksi demo dosen di berbagai kampus, Kemdiktisaintek ngeluarin surat di hari libur, ditujukan ke rektor/ditektur PTN, jelasin ttg tukin dosen ASN:

&gt; tukin 2020-2024 gabisa turun krn Kementerian sebelumnya gak jalanin tahap birokrasi yg semestinya

(1/2)",,69,4736,['intinyadeh']
1886228261757435929,2025-02-03 01:40:36+00:00,Sugeng Hartono,"Banyumas, Indonesia","Part 4 - Budi 2 - The anatomy of writing by Hartono

Dukung aksi Aliansi Dosen ASN Kemdiktisaintek Seluruh Indonesia untuk menuntut tunjangan kinerja dosen yang sudah menjadi haknya secara hukum.

@tukin_dosenASN #tukinforall #bayartukindosenkemdiktisaintek #dosenbukansapiperah https://t.co/M8JRW1sJir",1886227685833326810,1,3,"['tukinforall', 'bayartukindosenkemdiktisaintek', 'dosenbukansapiperah']"
1880046885886468507,2025-01-17 00:18:01+00:00,DetikFinance,"Jakarta, Indonesia",Menteri Pendidikan Tinggi Satryo Soemantri mengungkapkan tunjangan kinerja dosen ASN kemungkinan cair pada 2025 setelah tertunda lima tahun. https://t.co/Yd7eSTEzpI,,0,0,[]
1886297545896525920,2025-02-03 06:15:55+00:00,CNN Indonesia,,"Kemendikti: Tukin Dosen ASN 2020-2024 Tak Bisa Dibayarkan
https://t.co/wbLyvxYnt4",,59,377,[]
1885636714435154085,2025-02-01 10:30:00+00:00,radaraktualdotcom,,"Tukin Untuk Dosen ASN Antara 2020-2024 Tak Bisa Cair, Hanya Dibayar Untuk 2025

https://t.co/IunjRPpih3",,0,3,[]
1884927812269916384,2025-01-30 11:33:05+00:00,Wahyu Sitorus,,"Keterlaluan jika tukin dosen ASN tidak dicairkan oleh kemendiktisaintek dengan alasan birokrasi. Kemendikbud aja baru dipecah 3 bulan, masa 4 tahun tukin yang ga cair? Sedangkan penambahan pejabat nomenklatur kementrian udah langsung dapet gaji, tunjangan &amp; fasilitasnya.",,0,2,[]
1886231086034010144,2025-02-03 01:51:50+00:00,Sugeng Hartono,"Banyumas, Indonesia","Part 5 - Spesifikasi - The anatomy of writing by Hartono

Dukung Aliansi Dosen ASN Kemdiktisaintek Seluruh Indonesia untuk menuntut tunjangan kinerja dosen yang sudah menjadi haknya secara hukum.

@tukin_dosenASN 
#tukinforall #bayartukindosenkemdiktisaintek #dosenbukansapiperah https://t.co/UXgjh2iIkB",1886229661346369832,1,4,"['tukinforall', 'bayartukindosenkemdiktisaintek', 'dosenbukansapiperah']"
1886060067704950821,2025-02-02 14:32:16+00:00,Jey,,"Tukin Dosen ASN 2024 Tidak Bisa Cair karena Tidak Dialokasikan, Pemerintah: Memang Tidak Ada Anggarannya https://t.co/YdtLpBC9of
#dosendimiskinkannegara",,0,1,['dosendimiskinkannegara']
1886251694830547069,2025-02-03 03:13:43+00:00,detikcom,,Aliansi dosen akan menggelar demo menuntut tunjangan kinerja. Setidaknya ada dua tuntutan para dosen terkait tukin. Apa itu? https://t.co/vvH7ST7QPP,,0,12,[]
1879488116320289036,2025-01-15 11:17:40+00:00,Kompas Muda,"ÃœT: 62.478419,21.330711","Janji pemerintah untuk mulai membayarkan tunjangan kinerja dosen ASNÂ  Kemendiktisaintek mulai januari 2025 tetap ditagih. Pemerintah diminta memperjuangkan anggaran. #Humaniora #AdadiKompas

https://t.co/v8ccq5gzqV",,0,0,"['Humaniora', 'AdadiKompas']"
1885998895840559460,2025-02-02 10:29:11+00:00,Siska Benangsari,,"Dosen dpt Tunjangan Profesi jk sudah:
âœ… Sertifikasi(butuh 5 tahun)
âœ…Publikasi,pengabdian,pengjaraan
âœ… Pelatihan akademik
âœ… Pekerti,Toefl,TPA 

âŒ Dosen 5 thn pertama tdk dpt tunjangan
âŒ TPD hanya 67.082 dr 300k dosen ASN &amp; non ASN
ğŸ’° Anggaran TPD hanya Rp2,2T/tahun",1885987282194399705,1,9,[]
1886239195418763430,2025-02-03 02:24:03+00:00,ainnifa,"Jakarta, Indonesia",Sejak 2020 dosen asn kemdikbud atau kemdiktisaintek dianak tirikan tidak diberikan (dibayarkan) tunjangan kinerja #tukinforall #bayartukindosenkemdiktisaintek #dosenbukansapiperah,1886236660473733613,1,0,"['tukinforall', 'bayartukindosenkemdiktisaintek', 'dosenbukansapiperah']"
1886427223244329120,2025-02-03 14:51:12+00:00,intinyadeh,di ujung lidah tapi gak keluar,"#intinyadeh 300an dosen ASN berbagai daerah melakukan aksi damai turun ke jalan di Jakarta hari ini.

Bawa dua tuntutan:

1. Pemerintah segera bayar tukin dosen ASN sejak 2020â€“2024

2. Bayar tukin 2025 ke semua dosen ASN tanpa terkecuali (ASN PTN Satker, BLU, PTNBH, dan LLDIKTI)",,9,1274,['intinyadeh']
1881219144239980746,2025-01-20 05:56:10+00:00,fajar online,"Jakarta, Indonesia","Dosen ASN Tuntut Pencairan Tunjangan Kinerja, DPR Sampaikan Kabar Gembira 
https://t.co/F3WUktZHGX",,0,0,[]
1886607488931520963,2025-02-04 02:47:31+00:00,aik #HOKI,,"@prastow @findinguranus knp pns pajek ga bisa kerja hanya dg gaji pokok n tunjangan melekat saja? knp harus diguyur duit+fasilitas jumbo baru mau kerja? ini kan jadi kecemburuan+keributan bagi PNS2 di K/L lainnya!
liat tuh dosen sampe harus demo demi tukin kecil..
@PNS_Ababil @gg_02022020 @ASN_TELADAN",1886596567601438854,1,8,[]
1886276014340493591,2025-02-03 04:50:21+00:00,20DETIK,JKT-INA,"Video: Dosen ASN Demo di Patung Kuda, Minta Kemendiktisaintek Bayar Tukin https://t.co/N3TVltwoOL",,0,0,[]
1887336106028638538,2025-02-06 03:02:47+00:00,Annisa ğŸ‘©ğŸ»â€ğŸ’»,,"Guys, ini potret kehidupan dosen kayak gimana. Segini tuh yg ASN, bayangin yg non-ASN. Makanya ga heran banyak tutor kita yg double bahkan triple job ngajar sana sini dan akhirnya malah afk pas tuton. 
Iya, aku juga kesel sama tutor afk. Tp ini faktanya ğŸ˜®â€ğŸ’¨
https://t.co/xLWJ1lIiBU",,1,0,[]
1882195621135651176,2025-01-22 22:36:20+00:00,ğ–†-ğ–ğ–’ğ–†ğ–“,dÊ’É™mÉªrÉ™ËˆwaÉª,"Kementerian Keuangan Disebut Setujui Anggaran Tunjangan Kinerja Dosen ASN Rp 2,5 Triliun. Wakil Ketua Komisi X DPR RI Lalu Hadrian Irfani mengatakan Kementerian Keuangan setujui anggaran tunjangan kinerja dosen Aparatur Sipil Negara (ASN) https://t.co/aa9GaiFvs3",,0,0,[]
1886935602425426130,2025-02-05 00:31:19+00:00,Radio Idola Semarang,"Semarang, Jawa Tengah","Topik Diskusi Pagi ini: Menyoroti Polemik Tunjangan Kinerja Dosen ASN. Berikut pandangan Dekan Fakultas Ilmu Administrasi Universitas Brawijaya Malang; Prof Andy Fefta Wijaya #NOW #LIVE #tunjangan #tukin #dosen #asn cc:
@UB_Official",,0,0,"['NOW', 'LIVE', 'tunjangan', 'tukin', 'dosen', 'asn']"
1886225882957877379,2025-02-03 01:31:09+00:00,CNN Indonesia,,Dosen ASN Akan Gelar Aksi Tuntut Pembayaran Tukin di Istana Hari Ini https://t.co/FDB6BmkQZH,,3,26,[]
1875166801799094359,2025-01-03 13:06:19+00:00,Kompas Muda,"ÃœT: 62.478419,21.330711","Kesejahteraan dosen masih belum menggembirakan. Tunjangan kinerja bagi dosen ASN yang dijanjikan turun tahun ini belum bisa terwujud. #Humaniora #AdadiKompas

https://t.co/P6zdjLM2GV",,0,0,"['Humaniora', 'AdadiKompas']"
1886292952559051120,2025-02-03 05:57:40+00:00,prettylaife.,,"SEMANGAT NGGEH, PERJUANGKAN HAK KALIAN PARA DOSEN ASN KEMENDIKTIğŸ«±ğŸ«²
TUKIN DOSEN HARUS DIBAYARKAN",,0,0,[]
1879854274030776702,2025-01-16 11:32:39+00:00,Pejuang Tukin Dosen ASN Kemendiktisaintek,Negara tanpa Keadilan,@EldianaNarulita ğŸ˜­ dan skrg kita masih harus berjuang untuk dapatkan tunjangan kinerja yang ASN lainnya bisa langsung dapatkan tanpa harus koar2 sana sini..gini amat jadi dosen di IndonesiağŸ¤§ğŸ¤§,1879849146603159983,1,2,[]
1876202302169575430,2025-01-06 09:41:01+00:00,Kompas Muda,"ÃœT: 62.478419,21.330711","Para dosen ASN Kemendiktisaintek yang kecewa atas batalnya pembayaran tunjangan kinerja dosen mulai memprotes lewat kiriman papan bunga. #Humaniora #AdadiKompas

https://t.co/bCXgKGu2cZ",,0,0,"['Humaniora', 'AdadiKompas']"
1875162681839104037,2025-01-03 12:49:56+00:00,Harian Kompas,"Palmerah, Jakarta","Kesejahteraan dosen masih belum menggembirakan. Tunjangan kinerja bagi dosen ASN yang dijanjikan turun tahun ini belum bisa terwujud. #Humaniora #AdadiKompas

https://t.co/r0oycH85KC",,0,0,"['Humaniora', 'AdadiKompas']"
1887347984490504603,2025-02-06 03:49:59+00:00,Dosen Kesayanganmu,"Kota Bengkulu, Indonesia","bahas pendidikan ke arah sana sini situ... tapi tunkin ga lo bayar. lawak banget. 

https://t.co/0k7LQgQ04N",,13,613,[]
1886305272593015007,2025-02-03 06:46:37+00:00,konde.co,Indonesia,"@tukin_dosenASN Tukin dosen ASN Kemendiktisaintek yang belum dibayarkan sejak 2020 merupakan bentuk ketidakadilan. Kesejahteraan dosen adalah penting dan harus diperhatikan secara serius oleh pemerintah. Sebagai tenaga pendidik, dosen ASN berhak atas tukin dan pemenuhan hak-hak dasar mereka",1886305005847920806,0,5,"['tukinforall', 'dosenbukansapiperah', 'LiveReportKonde']"
1886456111932563798,2025-02-03 16:46:00+00:00,timitime,,"@tukin_dosenASN @Kemdiktisaintek Kata siapa jadi pns enak? Ini masyarakat awam tuh selalu ngeliat pns enak tuh pns yang mana dah, ini dosen yang asn ternyata ga digaji, mana jadi dosen harus bikin penelitian, artikel, kuliah lagi, pelatihan sedangkan itu ngeluarin duit, tapi mrk ga digaji??? Miris",1886280974490882513,2,10,[]
1882724574581977478,2025-01-24 09:38:12+00:00,Nabiyla Risfa Izzati,"Yogyakarta, Indonesia","Dari penjelasan ini, kemungkinan dosen yg mendapatkan tukin hanya dosen ASN di PTN Satker dan PTN BLU.

Ini berpotensi diskriminatif dan justru memperparah ketimpangan upah dosen, karena akan ada dosen yg dapat tukin, ada juga yang tidak.",,9,416,[]
1886715913053131047,2025-02-04 09:58:21+00:00,MonitorIndonesia,,"Tukin Dosen ASN Mandek, Warisan Masalah di Era Nadiem?
#Tukindosenasn #kemendiktisaintekm #demodosenasn

Baca selengkapnya di: https://t.co/P8sJ4MJKw3",,0,0,"['Tukindosenasn', 'kemendiktisaintekm', 'demodosenasn']"
1886767100385223125,2025-02-04 13:21:45+00:00,Musni Umar,,"Tukin Dosen ASN 2020-2024 tidak diajukan ke Kemenkeu untuk dibayar berarti selama ini Tukin Dosen ASN tidak dibayarkan. Mengapa di era Menteri Nadiem tdk dituntut untuk dibayarkan? Ada  apa? 
https://t.co/PL2bHfu1t4",,0,1,[]
1881892728902168677,2025-01-22 02:32:45+00:00,Wirda Fitriani,"Medan, Indonesia",antara Tunjangan Kerja ASN dan tunjangan sertifikasi dosen swasta. kali ini kita bernasib sama.,,0,0,[]
1886406787974439419,2025-02-03 13:30:00+00:00,IDX CHANNEL,Jakarta Capital Region,"Dosen ASN Ancam Mogok Massal Jika Tukinnya Tak Dibayar
https://t.co/mcLGkmf0NJ",,0,1,[]
1887421827263439288,2025-02-06 08:43:24+00:00,Magdalene,Jakarta,"Jadi dosen di Indonesia: 

Ngajar âœ…
Riset dan publikasi âœ…
Pengabdian âœ…
Tukin â

Baca artikel lengkapnya di sini ya!
https://t.co/Mg22CFCn4B",1887421824147038421,0,6,[]
1887306009749893264,2025-02-06 01:03:11+00:00,AF,Indonesia,"Dengan adanya berita ini, semakin yakin tukin Dosen ASN 2020 - 2024 ga bakalan bisa cair. Duit negara lagi kritisss. Gagal panen dari naikin pajak sama tapera. SDA buat dibagi2 ke kolega.",,0,0,[]
1881024011762606235,2025-01-19 17:00:46+00:00,MSNIndonesia,Indonesia,"Kabar Baik Buat Dosen, Pemerintah Setujui Tunjangan Kinerja Dosen ASN
https://t.co/wDFIHrK8Ue",,0,0,[]
1886739192929239545,2025-02-04 11:30:52+00:00,KBR,"Jakarta, Indonesia","""Yang menjadikan kita sangat prihatin itu soal tukin yang tak kunjung cair. Pemerintah berdalih tak ada pengusulan dari Menteri sebelumnya. Kita tahu kemajuan negara bergantung pada pendidikan,""

#Dosen #Tukin #TukinDosen 

https://t.co/Xpb6Zqu0PM",,0,0,"['Dosen', 'Tukin', 'TukinDosen']"
1886287383462891923,2025-02-03 05:35:32+00:00,international journal of bullshit,,"@lapen_melon @tukin_dosenASN @id_fm @Kemdiktisaintek betul (harusnya) seperti itu, sesuai amanat Undang-Undang ASN (UU No 5 th 2014) &amp; Undang-undang guru dan Dosen (UU No 14 th 2005). Oiya, tunjangan fungsional masih belum kesebut",1886284975315763615,1,1,[]
1887444974171791364,2025-02-06 10:15:23+00:00,Tribun Pontianak,Jl Sungai Raya Dalam Kubu Raya,"PENYEBAB Tukin Dosen ASN 2020-2024 Belum Bisa Cair Lengkap Penjelasan Resmi Pemerintah
 
https://t.co/bDNcTvF0pP lewat @tribunnews",,0,0,[]
1886067676394725387,2025-02-02 15:02:30+00:00,#kabarfiskal,Indonesia,Anggaran Tukin untuk Dosen ASN Kemendiktisaintek Belum Sesuai Skenario https://t.co/H0RPOpuv5h @hariankompas,,0,1,[]
1887109430845874281,2025-02-05 12:02:03+00:00,yan,Arbitrum,"@hafiz2986 @OscarDarmawan @prabowo Loe jangan sok2an ngomongin data kalau data loe ""kata abang gw"".
Nih berita beserta angkanya :
https://t.co/NC3CJYyCk0",1887108689380979077,1,1,[]
1886318513205268724,2025-02-03 07:39:14+00:00,Solopos,"Solo, Central Java, Indonesia",Kemdiktisaintek Tegaskan Tukin Dosen ASN 2020-2024 Tak Bisa Dirapel Tukin untuk dosen ASN Kemdiktisaintek pada periode 2020-2024 tidak bisa dicairkan karena pada masa tersebut tukin dosen ASN tak pernah dianggarkan. https://t.co/iIvNj15bks https://t.co/5BHmbPYcpy,,0,0,[]
1886384876825575690,2025-02-03 12:02:56+00:00,apip,,@akar_rumput07 @ardisatriawan Tanpa tunjangan kinerja itu gaji dosen ASN itu banyak yang di bawah UMR. Yang di atas UMR juga ga gede2 amat. Please educate yourself. Mereka juga tergolong rakyat kecil. TUKIN nilainya sangat besar lebih besar dari gaji pokok.Kalau tidak dicairkan ya sama saja.,1886258183276315119,0,4,[]
1887121651512508810,2025-02-05 12:50:37+00:00,AerokA,Random Country,"@ichbinniem27 @abdurrahmanalf_ Dan naikin tunjangan ASN, termasuk dosen, berlipat2 ğŸ˜”",1887095087160840325,0,0,[]
1886274956583182339,2025-02-03 04:46:09+00:00,iNews,iNews Tower,"@tukin_dosenASN Ratusan Dosen ASN Gelar Aksi di Patung Kuda, Minta Pemerintah Cairkan Tukin
https://t.co/VCAzWDlDKS",1886244733099671902,0,3,[]
1886361092701515978,2025-02-03 10:28:26+00:00,Radio Sonora Jakarta,"Jakarta Barat, DKI Jakarta","Dosen ASN Ancam Mogok Mengajar jika Tuntutan Tukin Tak Dipenuhi https://t.co/A1U9vojVK5

#BeritaSonora via @kompascom",,0,1,['BeritaSonora']
1887051728056672713,2025-02-05 08:12:46+00:00,KalderaNews,Jakarta,"Waduh! Surat Edaran Kemendikti Saintek Bocor, Tukin Dosen ASN 2020-2024 Tak Bisa Dibayarkan https://t.co/i0NZ9eyTUe",,0,0,[]
1886238544269918296,2025-02-03 02:21:28+00:00,Sugeng Hartono,"Banyumas, Indonesia","End of thread. Another one is coming.

Dukung aksi Aliansi Dosen ASN Kemdiktisaintek Seluruh Indonesia untuk menuntut tunjangan kinerja dosen yang sudah menjadi haknya secara hukum.

@tukin_dosenASN
@Kemdiktisaintek
@Gerindra
@prabowo
#tukinforall #bayartukindosenkemdiktisaintek",1886238397137842307,0,3,"['tukinforall', 'bayartukindosenkemdiktisaintek']"
1885644354116788453,2025-02-01 11:00:22+00:00,Joglosemar News,"Surakarta, Jawa Tengah","Dosen ASN Gigit Jari! Tukin 2020-2024 Tak Bisa Cair, Kemendiktisaintek: Tidak Bisa Dituntut -  https://t.co/2w6CUnFojK https://t.co/jA5cXZIQEY",,0,1,[]
1887376678231679212,2025-02-06 05:44:00+00:00,KalderaNews,Jakarta,"Waduh! Surat Edaran Kemendikti Saintek Bocor, Tukin Dosen ASN 2020-2024 Tak Bisa Dibayarkan https://t.co/i0NZ9eyTUe",,0,0,[]
1884659138783023229,2025-01-29 17:45:28+00:00,intinyadeh,di ujung lidah tapi gak keluar,"&gt; Kemendiktisaintek udah ngajuin penambahan anggaran ke Kementerian Keuangan 2,5T utk Tukin Dosen ASN 2025, tp ya gitu, utk tahun2 yg lalu, gak bisa diurus.

&gt; Imbauan ke rektor utk memastikan aspirasi dari dosen2 disampaikan lewat ""birokrasi yg sesuai perundang-undangan""

(2/2)",1884658758657425839,6,547,[]
1886273389410849264,2025-02-03 04:39:55+00:00,iNews,iNews Tower,"@BudiBukanIntel Ratusan Dosen ASN Gelar Aksi di Patung Kuda, Minta Pemerintah Cairkan Tukin
https://t.co/VCAzWDlDKS",1886225496096288934,0,9,[]
1886424684977410312,2025-02-03 14:41:07+00:00,Herlily,,"@prastow @KSPgoid @tukin_dosenASN Pak, bukan KENAIKAN Tukin, tapi : SEGERA BAYAR Tukin  Dosen ASN Kemenristekdikti yg BELUM DIBAYAR sejak 2020.",1886322396849951201,0,8,[]
1886660479231365195,2025-02-04 06:18:05+00:00,KalderaNews,Jakarta,"Waduh! Surat Edaran Kemendikti Saintek Bocor, Tukin Dosen ASN 2020-2024 Tak Bisa Dibayarkan https://t.co/i0NZ9eyTUe",,0,0,[]
1886461186486776103,2025-02-03 17:06:10+00:00,á´ Éªá´„á´‹á´.Éªá´…,"Oslo,Surakarta","@puspaswarna @kompascom https://t.co/fy1bLI5uCP

Ini gw tadi liat wawancara dengan staf ahli menteri dikti yang skr,katanya 9 hari sebelum lengser menteri lama nya si bos ojek itu menandatangani kepmen ttg tukin 80rb dosen asn untuk 2025 dimana hal ini gak dianggarkan di kementrian nya yg skr..gilaa gak",1886457482475696136,1,2,[]
1886290795780862088,2025-02-03 05:49:05+00:00,KalderaNews,Jakarta,"Waduh! Surat Edaran Kemendikti Saintek Bocor, Tukin Dosen ASN 2020-2024 Tak Bisa Dibayarkan https://t.co/i0NZ9eyTUe",,0,0,[]
1886935423181533656,2025-02-05 00:30:37+00:00,iscab.saptocondro,third rock from the sun,"Tukin dosen ASN itu janji Presiden Jokowi, sedangkan sekarang Presiden Prabowo. 

Begitu pula PPN 12 persen. 

https://t.co/hi9aG4nPjq

Ya, tapi ...",,0,0,[]
1885488617663193262,2025-02-01 00:41:31+00:00,KalderaNews,Jakarta,"Waduh! Surat Edaran Kemendikti Saintek Bocor, Tukin Dosen ASN 2020-2024 Tak Bisa Dibayarkan https://t.co/i0NZ9eyTUe",,1,0,[]
1887187513556795699,2025-02-05 17:12:20+00:00,Nanda Nini Anggalih,"Surabaya, Indonesia","@RYANKENCANA @nabiylarisfa Dosen menjawab: Kami mengerjakan kerjaan kita secara profesional kak, males bukan pilihan. Kami hanya â€˜berstrategiâ€™. ASN dosen digaji perbulan untuk mengerjakan 16 SKS yang terdiri dari pengajaran, penelitian dan pengabdian kepada masyarakat. 16 SKS setara dengan kerja 14 jam.",1886941955231461444,1,1,[]
1887494172745359690,2025-02-06 13:30:53+00:00,MCR,,"@OgrivPCY @tanyakanrl @Kemdiktisaintek Karena di pemda dan kementerian lain ada Tukinnya. Jadi nambah THPnya.

Sementara @Kemdiktisaintek sampai saat ini belum membayarkan tukin dosen asn-nya sendiri. Udah lima tahun",1887398339807006929,1,2,[]
1886273511246942494,2025-02-03 04:40:25+00:00,iNews,iNews Tower,"@tukin_dosenASN Ratusan Dosen ASN Gelar Aksi di Patung Kuda, Minta Pemerintah Cairkan Tukin
https://t.co/VCAzWDlDKS",1886233966434484231,0,0,[]
1886343772461842630,2025-02-03 09:19:36+00:00,Temu Wicara,,"Klu alasan tukin 2020-2024 egk bisa karena di periode itu kementerian egk mengajukan sesuai prosedur y berarti yg salah kementeriannya bersama jajarannya, jadi boomer pejabat egk punya hak utk bungkam suara rakyat kecil. Mereka yg hrs tanggungjawab
https://t.co/3NXI0vFB2q",1886342362886222214,0,0,[]
1886274910651289831,2025-02-03 04:45:58+00:00,iNews,iNews Tower,"@Sam_Ardi @tukin_dosenASN Ratusan Dosen ASN Gelar Aksi di Patung Kuda, Minta Pemerintah Cairkan Tukin
https://t.co/VCAzWDlDKS",1886221072712011885,0,0,[]
1885533816095465644,2025-02-01 03:41:07+00:00,Nadhifah Al Indis,Jember,@wildanmaulana @tukin_dosenASN @nadiemmakarim Pernah. Keputusan Menteri Nomor 447/P/2024 ditetapkan di Jakarta 11 Oktober 2024. Salah satu isinya TUKIN dosen ASN Kemdikbudristek dibayarkan per 1 Januari 2025. Pada tgl 28 Desember 2024 cair kurang hitungan hari peraturan itu dicabut. Lhaaa.... Dananya ngalir kemana hayo?,1885470271735554096,2,1,[]
