id,created_at,user,location,text,in_reply_to,reply_count,favorite_count,hashtags
1881279647046099098,2025-01-20 09:56:34+00:00,inilahcom,,"Sekretaris Jenderal (Sekjen) Kementerian Pendidikan Tinggi, Sain, dan Teknologi (Kemendiktisaintek) RI Togar M Simatupang mengatakan akan membawa ke ranah hukum apabila ASN di kementeriannya kembali berdemo.

""Jadi kalau nanti akan terjadi ini lagi, ya kita akan masuk ke koridor https://t.co/vfSXt7Qtv7",,2855,16260,[]
1887072923787346373,2025-02-05 09:36:59+00:00,Pejuang Tukin Dosen ASN Kemendiktisaintek,Negara tanpa Keadilan,Dikira kami bohong dan membesar-besarkan masalah ğŸ˜ https://t.co/DL291NotpX,,100,4510,[]
1886390916224630979,2025-02-03 12:26:56+00:00,Pejuang Tukin Dosen ASN Kemendiktisaintek,Negara tanpa Keadilan,"Hari ini tidak hanya aksi di depan istana, tapi banyak dari kami lakukan aksi solidaritas di kampus masing-masing https://t.co/zJwfD6Gb7j",,12,1220,[]
1881394085736698224,2025-01-20 17:31:19+00:00,Aliff_quğŸŒº,Seberang Rumah Pak Lurah,"Beginilah tanggapan dari menteri Satryo tentang demo ASN di Kemendiktisaintek, dan tentang dugaan kekerasan.

Pertinyiinnyi, Masak sih ASN Kemendikti sampai berani pasang spanduk kek gitu. https://t.co/IiBzHhjJtJ",,6,34,[]
1881533493588754706,2025-01-21 02:45:16+00:00,Pikiran Rakyat,Indonesia,"Beredar rekaman suara Menteri Pendidikan Tinggi, Sains, dan Teknologi (Kemendiktisaintek) mengamuk kepada anak buahnya. Dalam rekaman suara tersebut, terdengar dugaan suara Satryo Soemantri Brodjonegoro seperti sedang memarahi anak buahnya. Pihak internal Kemendiktisaintek pun https://t.co/ZaNbB8WaMg",,1,5,"['rekaman', 'mendiktisaintek', 'ngamuk']"
1886280974490882513,2025-02-03 05:10:04+00:00,Pejuang Tukin Dosen ASN Kemendiktisaintek,Negara tanpa Keadilan,"Ketika dosen turun ke jalan, itu memperlihatkan betapa menyedihkannya kualitas (pendidikan) moral para pejabat yang sudah mengesampingkan hak kami selama 5 tahun ini. 

Lebih dari  500 dosen ASN @Kemdiktisaintek
turun ke jalan menuntut haknya. Tuntutan ini ditujukan kepada bapak https://t.co/PlDoiAlzew",,113,9913,"['bayartukindosenkemdiktisaintek', 'tukinforall', 'dosenbukansapiperah']"
1876797545306788046,2025-01-08 01:06:18+00:00,UGM,"Yogyakarta, Indonesia","Semoga amanah dalam menjalankan tugas dan memberikan kontribusi terbaik bagi kemajuan pendidikan tinggi, riset, dan inovasi di Indonesia.
#SelamatBertugas #Kemendiktisaintek #MajuBersama https://t.co/xnWRtKmJGg",,38,41,"['SelamatBertugas', 'Kemendiktisaintek', 'MajuBersama']"
1886270801063899454,2025-02-03 04:29:38+00:00,Pejuang Tukin Dosen ASN Kemendiktisaintek,Negara tanpa Keadilan,"Orasi dari Bu Fatimah @FatimahFat88111 Koordinator Pejuang Tukin,,, kita kawal bersama perjuangan ini sampai cair,, Tukin 2020-2024 adalah utang negara kepada kami
@Kemdiktisaintek @prabowo 
#tukinforall
#bayartukindosenkemdiktisaintek
#dosenbukansapiperah https://t.co/cJuqEGBPiY",,17,1482,"['tukinforall', 'bayartukindosenkemdiktisaintek', 'dosenbukansapiperah']"
1886264808535945565,2025-02-03 04:05:50+00:00,Pejuang Tukin Dosen ASN Kemendiktisaintek,Negara tanpa Keadilan,"Politeknik Negeri Padang ğŸ”¥ğŸ”¥
#tukinforall
#bayartukindosenkemdiktisaintek 
#dosenbukansapiperah https://t.co/LX09qFdUUx",,4,412,"['tukinforall', 'bayartukindosenkemdiktisaintek', 'dosenbukansapiperah']"
1885231962022903849,2025-01-31 07:41:40+00:00,Pejuang Tukin Dosen ASN Kemendiktisaintek,Negara tanpa Keadilan,"Tetangga sebelah 100 hari kerja udh siraman rohani, lah kita SIRAMAN EMOSI ğŸ¤£ https://t.co/QcOAfazdkM",,6,121,[]
1882820661997174936,2025-01-24 16:00:01+00:00,DetikFinance,"Jakarta, Indonesia","Kementerian Pendidikan Tinggi, Sains, dan Teknologi (Kemendiktisaintek) menyambut baik usulan kampus boleh kelola tambang. Namun, pihak Kemendiktisaintek mengaku belum dilibatkan lebih jauh oleh masyarakat dan Badan Legislatif (Baleg).

#detikfinance #Kemendiktisaintek #Baleg https://t.co/mUPeAcadUy",,0,0,"['detikfinance', 'Kemendiktisaintek', 'Baleg']"
1881350909013483940,2025-01-20 14:39:45+00:00,Kompas.com,Jakarta,"Pegawai Kemendiktisaintek berunjuk rasa terkait pemecatan sepihak dan dugaan perbuatan semena-mena yang dilakukan Menteri Satryo Soemantri Brodjonegoro.

Satryo membantah tuduhan tersebut. Ia menilai, demo dipicu ketidakpuasan pegawai atas kebijakannya. https://t.co/X8eRpde0sx",,5,21,[]
1886411820388471198,2025-02-03 13:50:00+00:00,tvOnenews,"Pulo Gadung, Indonesia","Koordinator Aksi Tuntut Tukin Aliansi Dosen ASN Kemendiktisaintek Seluruh Indonesia (ADAKSI), Anggun Gunawan, menegaskan bahwa aksi mogok nasional menjadi langkah selanjutnya jika pemerintah tetap membiarkan hak tunjangan kinerja (tukin) dosen tak dibayar.

Dalam aksi demonstrasi https://t.co/P4LTuRzpkQ",,1,9,"['CariBeritaDitvOne', 'OneNewsUpdate', 'ADAKSI', 'Dosen', 'ONU04']"
1881339766735777991,2025-01-20 13:55:28+00:00,GELORA NEWS,Indonesia,"Kemendiktisaintek Ancam Pidanakan ASN yang Demo Menteri Satryo
https://t.co/t9Julh2WCA",,37,36,[]
1887073710370385980,2025-02-05 09:40:07+00:00,Pejuang Tukin Dosen ASN Kemendiktisaintek,Negara tanpa Keadilan,"atas nama efisiensi, gaji ke-13 dan 14 akan dihapuskan? mantap! https://t.co/1VDUgLC44v",,525,5942,[]
1886596680621150236,2025-02-04 02:04:34+00:00,Team Tanpa Les Indonesiaâœ¨,,"LIVE Pembukaan Pendaftaran KIPK 2025, di YT Kemendiktisaintek!

Info-info penting nanti admin rangkum di utas ini ya https://t.co/UMvyOv0Bcw",,18,1815,[]
1881906382103793754,2025-01-22 03:27:00+00:00,Tribunnews.com,Indonesia,Puan Maharani ikut merespons persoalan di Kemendiktisaintek. Puan meminta pemerintah untuk segera menyelesaikan kekacauan antara Mendikti Saintek Satryo Soemantri dengan pegawainya. Menurut Puan persoalan tersebut perlu diselesaikan secara transparan di internal. (ist) https://t.co/LWb9P4GlZ7,,0,1,[]
1885057312865366306,2025-01-30 20:07:40+00:00,Pejuang Tukin Dosen ASN Kemendiktisaintek,Negara tanpa Keadilan,"52% DANA PENDIDIKAN LARI KE DANA DESA dan itupun sisanya masih rebutan sama kementerian lain yang ga ngurusin pendidikan.

padahal jelas-jelas tertuang di Undang-undang Dasar (UUD) 1945 pasal 31 ayat 4.

TUKIN yang cuma 8 triliun doang ? BODO AMAT! https://t.co/ExmLlLiLuK",,10,175,[]
1886238565627314434,2025-02-03 02:21:33+00:00,Pejuang Tukin Dosen ASN Kemendiktisaintek,Negara tanpa Keadilan,"Yang harusnya kami fokus penelitian dan pengabdian mumpung liburan semester,,mesti turun juga akhirnya untuk menuntut keadilan iniğŸ¥²
#tukinforall 
#dosenbukansapiperah 
#bayartukindosenkemdiktisaintek",,2,206,"['tukinforall', 'dosenbukansapiperah', 'bayartukindosenkemdiktisaintek']"
1886391853831893326,2025-02-03 12:30:40+00:00,kumparan,,"Ribuan dosen Aparatur Sipil Negara (ASN) yang tergabung dalam Aliansi Dosen Kemendiktisaintek Seluruh Indonesia (Adaksi) menggelar aksi demonstrasi di kawasan Monas, Jakarta Pusat, Senin (3/2). 
#newsupdate #update #news #videonews https://t.co/aVDm1r8BUb https://t.co/ulWdPsHz2b",,5,38,"['newsupdate', 'update', 'news', 'videonews']"
1882647012790907216,2025-01-24 04:30:00+00:00,detikedu,,"Kemendiktisaintek kasih lampu hijau soal ide kampus bisa kelola tambang ğŸ‰. Tapi mereka bilang, ""Eh, kita belum diajak ngobrol lebih jauh nih sama masyarakat atau Baleg."" ğŸ¤”

#detikedu #Kemendiktisaintek #Tambang https://t.co/VyDjXY2NLY",,0,0,"['detikedu', 'Kemendiktisaintek', 'Tambang']"
1886007913887432787,2025-02-02 11:05:01+00:00,Pejuang Tukin Dosen ASN Kemendiktisaintek,Negara tanpa Keadilan,"Atas nama keadilan, perwakilan dosen ASN Kemdiktisaintek seluruh Indonesia sudah bergerak ke jantung Ibukota Jakarta. 

Mereka akan menggelar aksi damai menuntut pembayaran tunjangan kinerja (tukin) dosen Kemendikbudristek di Istana Negara pada Senin, 3 Februari 2025.

Semoga https://t.co/8r52EePHfX",,109,3326,[]
1882684764798279996,2025-01-24 07:00:01+00:00,detikHealth,Jakarta - Indonesia,Kemendiktisaintek masih mengkaji soal rencana penyetopan PTN buka Fakultas Kedokteran (FK) baru. Ada dua masalah utama yang disorot terkait rencana ini. https://t.co/jeQeNmTO8a,,2,7,[]
1881582498091872333,2025-01-21 06:00:00+00:00,detikedu,,"ASN Kemendiktisaintek demo nih, Senin kemarin. Menteri Satryo Soemantri Brodjonegoro pun akhirnya angkat bicara soal aksi hari ini. Ini dia pernyataannya... ğŸ—£ï¸âœ¨

#detikedu #Kemendiktisaintek #Demo https://t.co/Ja1bZtWnju",,0,0,"['detikedu', 'Kemendiktisaintek', 'Demo']"
1885033351637078169,2025-01-30 18:32:27+00:00,Pejuang Tukin Dosen ASN Kemendiktisaintek,Negara tanpa Keadilan,"Kirain Huruf ""P"" di SK PNS kami itu ""Pegawai"", terus apa dong ?

#DosenPegawaiNegeriTakDianggapğŸ¥² https://t.co/N8q35QVWeX",,158,569,['DosenPegawaiNegeriTakDianggap']
1886233966434484231,2025-02-03 02:03:16+00:00,Pejuang Tukin Dosen ASN Kemendiktisaintek,Negara tanpa Keadilan,"Perjuangan ini akan terus berlanjut sampai keadilan untuk kesejahteraan dosen terwujud
#bayartukindosenkemdiktisaintek 
#dosenbukansapiperah 
#tukinforall https://t.co/ubqsN7q2t7",,26,770,"['bayartukindosenkemdiktisaintek', 'dosenbukansapiperah', 'tukinforall']"
1885509625954656363,2025-02-01 02:05:00+00:00,OposisiCerdas.com,,"Demo di Istana 3 Februari, Dosen ASN Kemendiktisaintek Tuntut Tukin Tak Diskriminatif https://t.co/DyGwk6Z1xF",,1,22,[]
1881633874251485377,2025-01-21 09:24:09+00:00,detikJabarofficial,,"ASN Kemendiktisaintek menggelar aksi demonstrasi pada Senin (20/1). Menteri Pendidikan Tinggi, Sains, dan Teknologi (Mendiktisaintek) Satryo Soemantri Brodjonegoro angkat bicara terkait aksi demo hari ini. Berikut pernyataan Menteri Satryo... https://t.co/2ZkYkHT5Lw",,5,4,[]
1881537279551996144,2025-01-21 03:00:19+00:00,Catch Me Up!,,Apa yang terjadi di balik pintu Kemendiktisaintek? Dari dugaan mutasi tak wajar hingga spandukÂ sindiranÂ pedas. https://t.co/m5ke8XaICB,,1,20,[]
1881286968857776505,2025-01-20 10:25:40+00:00,kumparan,,"Neni menceritakan, pemecatan tanpa sebab tersebut bermula dari penataan letak meja yang tidak sesuai dengan permintaan Menteri Satryo. Dilanjutkan, dengan insiden pemasangan WiFi di rumah dinasnya yang terlampau malam. #newsupdate #update #news #videonews
https://t.co/1blto6mzm4 https://t.co/PHBxsw7QLe",,28,427,"['newsupdate', 'update', 'news', 'videonews']"
1886644729909067976,2025-02-04 05:15:30+00:00,The Conversation Indonesia,Jakarta Capital Region,"Dosen ASN di Kemendiktisaintek sudah 5 tahun tidak dibayar tunjangan kinerjanya!

Sementara ASN di kementerian lain santai menerima tukin sejak CPNS.

https://t.co/gtxs3XDdnW https://t.co/BHTtHCJlXe",,3,42,[]
1886268300235247763,2025-02-03 04:19:42+00:00,Radio Sonora Jakarta,"Jakarta Barat, DKI Jakarta","11.15 #LiputanSonora

Suasana aksi unjuk rasa dosen yang tergabung dalam Aliansi Dosen KemendiktiSaintek Seluruh Indonesia di kawasan Patung Kuda Jakarta.

Via @SaortuaMarbun https://t.co/zbPZW3PRIb",,0,2,['LiputanSonora']
1884919102097277163,2025-01-30 10:58:28+00:00,kumparan,,"Kementerian Pendidikan Tinggi, Sains, dan Teknologi (Kemendiktisaintek) buka suara soal kabar tunjangan kinerja atau tukin dosen ASN periode 2020-2024 di lingkungan Kemendiktisaintek tak akan dibayarkan.

Sekretaris Jenderal (Sekjen) Kemendiktisaintek, Togar M Simatupang, https://t.co/VDsvk1bXsW",,57,207,"['bisnisupdate', 'update', 'bisnis', 'oneliner', 'tukin', 'dosen', 'kementerian', 'menteri', 'pendidikan', 'kemendiktisaintek', 'tunjangan', 'tunjangankerja', 'asn', 'info', 'infoterkini', 'berita', 'beritaterkini', 'bicarafaktalewatberita', 'kumparan']"
1886341236212277410,2025-02-03 09:09:31+00:00,Pejuang Tukin Dosen ASN Kemendiktisaintek,Negara tanpa Keadilan,"Tendensius sekali

https://t.co/k2IAwmb3Ba? https://t.co/GWdIgW3qjX",,12,161,[]
1886296057111543900,2025-02-03 06:10:00+00:00,tempo.co,Indonesia,"Aliansi Dosen Akan Gugat Kemendiktisaintek ke PTUN jika Tak Bayar Tukin Dosen Secara Penuh
https://t.co/Z9CRRyvTMR",,7,319,[]
1881318800752316630,2025-01-20 12:32:09+00:00,Dendy Raditya Atmosuwito,Yogyakarta,"Perjuangan untuk pembayaran tukin dosen dan perjuangan untuk perlakuan adil pada pekerja di Kemendiktisaintek itu samaÂ² perjuangan untuk keadilan sosial. Harusnya bisa diperjuangkan bersama, tidak perlu dibenturkan. Makin banyak dan konsisten yang berjuang, makin mungkin menang.",,0,37,[]
1886332887559225532,2025-02-03 08:36:21+00:00,Narasi Newsroom,,"Aliansi Dosen ASN Kementerian Pendidikan Tinggi, Sains, dan Teknologi (Kemendiktisaintek) Seluruh Indonesia (Adaksi) berunjuk rasa di area depan Monumen Nasional (Monas), Jakarta Pusat pada Senin (3/2/2025).

Fatimah, Dewan Pembina Adaksi, menyatakan sekitar 400 perwakilan dosen https://t.co/8nt23ZFUYs",,5,170,[]
1886160385621028956,2025-02-02 21:10:53+00:00,Pejuang Tukin Dosen ASN Kemendiktisaintek,Negara tanpa Keadilan,"Kementerian mungkin berhasil gagalkan pembayaran tunggakan tukin dosen sejak 2020, tapi ingatlah kepercayaan yang hilang sama sekali tak akan pernah bisa dibeli kembali.

Jika ketidakadilan ini dibiarkan, JANGAN SALAHKAN AKADEMIA BILA SUARA KRITIS SEMAKIN LANTANG, RISET TERHENTI",,13,489,"['bayartukindosenkemdiktisaintek', 'tukinforall', 'dosenbukansapiperah', 'dosendimiskinkannegara']"
1886237923307290830,2025-02-03 02:19:00+00:00,Pejuang Tukin Dosen ASN Kemendiktisaintek,Negara tanpa Keadilan,"Semangat dosen-dosen seluruh Indonesia,,kita tuntut keadilan untuk kesejahteraan Dosen, untuk masa depan Pendidikan di Indonesia

@prabowo 
@Kemdiktisaintek
@Gerindra 
@detikcom 
@kompascom 
@tempodotco 
@NarasiNewsroom 
@liputan6dotcom 
@Lambe_Turah 

#tukinforall",,5,293,"['tukinforall', 'dosenbukansapiperah', 'bayartukindosenkemdiktisaintek']"
1886251645883101634,2025-02-03 03:13:31+00:00,Pejuang Tukin Dosen ASN Kemendiktisaintek,Negara tanpa Keadilan,"TARIAN PERAN KABASARAN oleh Dosen2 ASN @Kemdiktisaintek 

#bayartukindosenkemdiktisaintek 
#dosenbukansapiperah #tukinforall",,1,599,"['bayartukindosenkemdiktisaintek', 'dosenbukansapiperah', 'tukinforall']"
1887075587992486167,2025-02-05 09:47:35+00:00,Pejuang Tukin Dosen ASN Kemendiktisaintek,Negara tanpa Keadilan,"ga kontraproduktif ya di atas, kan cuma nanya ğŸ˜Œ https://t.co/0hG8BHoIh3",1887073710370385980,15,395,[]
1886644485356183584,2025-02-04 05:14:32+00:00,Pejuang Tukin Dosen ASN Kemendiktisaintek,Negara tanpa Keadilan,"Politeknik Negeri Ujung Pandang ğŸ”¥ğŸ”¥ğŸ”¥
SenatğŸ‘ğŸ‘
#tukinforall 
#bayartukindosenkemdiktisaintek 
#dosenbukansapiperah https://t.co/DFv3aQosCS",1886390916224630979,1,33,"['tukinforall', 'bayartukindosenkemdiktisaintek', 'dosenbukansapiperah']"
1881982821868110274,2025-01-22 08:30:44+00:00,LIPUTAN6,Jakarta,"Aksi unjuk rasa sejumlah Aparatur Sipil Negara (ASN) di Kantor Kementerian Pendidikan Tinggi, Sains dan Teknologi (Kemendiktisaintek) pada Senin, (20/1/2025) langsung mendapat perhatian serius dari Sekretaris Kabinet Mayor Teddy Indra Wijaya.Â 

#Liputan6dotcom #Lip6van #berita https://t.co/xOEzkACWwN",,1,4,"['Liputan6dotcom', 'Lip6van', 'berita', 'mayorteddy']"
1886676132898201924,2025-02-04 07:20:17+00:00,Pejuang Tukin Dosen ASN Kemendiktisaintek,Negara tanpa Keadilan,"Politeknik Negeri FakFak ğŸ”¥ğŸ”¥
#tukinforall
#dosenbukansapiperah
#bayartukindosenkemdiktisaintek https://t.co/uN8Jml4myH",1886390916224630979,0,37,"['tukinforall', 'dosenbukansapiperah', 'bayartukindosenkemdiktisaintek']"
1886550635413225679,2025-02-03 23:01:36+00:00,The Conversation Indonesia,Jakarta Capital Region,"Gaji dosen ASN Kemendiktisaintek jauh di bawah kementerian lain!

CPNS lulusan S2 di Kemendiktisaintek cuma dapat Rp2,3 juta, sedangkan di Kementerian PUPR bisa Rp7,4 juta...Wah, kok bisa gitu ya?

https://t.co/gtxs3XDdnW https://t.co/HILTmjEqRN",,1,13,[]
1881649403582443916,2025-01-21 10:25:51+00:00,tvOnenews,"Pulo Gadung, Indonesia","Ketua DPR RI Puan Maharani buka suara soal aksi demonstrasi Pegawai Negeri Sipil (PNS) Kementerian Pendidikan Tinggi, Sains, dan Teknologi (Kemendiktisaintek) terhadap menterinya, Satryo Soemantri Brodjonegoro.

Menurut Puan, wewenang mengevaluasi kinerja menteri merupakan hak https://t.co/VWk8qLqxTg",,6,21,"['HardNews_Viral', 'NewsOne', 'CariBeritaditvOne', 'PuanMaharani', 'DPR']"
1886216965993513441,2025-02-03 00:55:43+00:00,Pejuang Tukin Dosen ASN Kemendiktisaintek,Negara tanpa Keadilan,"Suasana titik kumpul di depan Monumen Nasiona Jakarta,,dosen2 @Kemdiktisaintek seluruh Indonesia mulai berdatangan..siap untuk AKSI DAMAI hari ini. Bismillaah,, semoga dilancarkan dan tuntutan ini bisa tersampaikan ke bapak presiden @prabowo
#bayartukindosenkemdiktisaintek https://t.co/7PHdIh1cIq",,142,7400,"['bayartukindosenkemdiktisaintek', 'dosenbukansapiperah', 'tukinforall']"
1886008532656349477,2025-02-02 11:07:29+00:00,Pejuang Tukin Dosen ASN Kemendiktisaintek,Negara tanpa Keadilan,Tanah Laut https://t.co/F7UNAsai0m,1886008248311955484,1,85,[]
1886737030966825219,2025-02-04 11:22:16+00:00,Sam Ardi,Karang Tumaritis,"Kalau memang protes bahkan mogok ngajar itu dianggap mencoreng marwah, lalu dulu Sekjen Kemendiktisaintek waktu masih jadi dosen mencoreng marwah siapa dengan protes dan mogok ngajar? Atau dengan protes bahkan mogok dianggap tidak mencoreng malahan ya waktu itu? Wallahuâ€™alam. https://t.co/x6P5TxD5y9",,3,235,[]
1886008057257169276,2025-02-02 11:05:35+00:00,Pejuang Tukin Dosen ASN Kemendiktisaintek,Negara tanpa Keadilan,Samarinda https://t.co/8itonYhn9l,1886007913887432787,1,111,[]
1886009942353613219,2025-02-02 11:13:05+00:00,Pejuang Tukin Dosen ASN Kemendiktisaintek,Negara tanpa Keadilan,Jawa Timur iki rek ğŸ”¥ https://t.co/tgKzvrRiyw,1886009140792672588,1,103,[]
1882631916383277519,2025-01-24 03:30:01+00:00,detikedu,,"Kemendiktisaintek lagi ngajuin anggaran Rp 2,5 triliun buat tukin dosen ASN ke Kemenkeu. Ada 3 skema pembagian yang lagi diusulin, nih. Gimana menurut kalian detikers? ğŸ¤”

#detikedu #Kemendiktisaintek #ASN #Kemenkeu #Tukin https://t.co/jQkr4qYbaq",,0,1,"['detikedu', 'Kemendiktisaintek', 'ASN', 'Kemenkeu', 'Tukin']"
1887549320834245109,2025-02-06 17:10:01+00:00,Pejuang Tukin Dosen ASN Kemendiktisaintek,Negara tanpa Keadilan,"Segenggam kekuasaan lebih berarti daripada segudang ilmu pengetahuan

Jutaan guru dan dosen menjerit, menagih hak konstitusi yang digantung.

Sementara penguasa hanya mlengos, seolah berkata: ""Memangnya kalian bisa apa ?!!""",,2,92,[]
1882337480394916006,2025-01-23 08:00:02+00:00,tempo.co,Indonesia,"Buntut Kisruh Internal Kemendiktisaintek, DPR Panggil Satryo Brodjonegoro Hari Ini
https://t.co/IDEpMycVOq",,3,16,[]
1886298573714899292,2025-02-03 06:20:00+00:00,tempo.co,Indonesia,"Komisi X Beberkan Alasan Kemendiktisaintek Tak Bisa Bayar Tukin Dosen ASN Secara Penuh
https://t.co/LbacHjHfUN",,1,4,[]
1882424564321493095,2025-01-23 13:46:04+00:00,CNN Indonesia,,"Kemendiktisaintek Dukung Usulan Kampus Kelola Tambang: Kami Siap
https://t.co/P89o5ydE6N",,64,72,[]
1881552195071668617,2025-01-21 03:59:35+00:00,inilahcom,,"ğŸš¨ğŸ¤ Kontroversi demo di Kemendiktisaintek yang melibatkan ASN dengan Menteri Prof. Satryo Soemantri Brodjonegoro kini berakhir damai pada Senin (20/1/2025) malam. 

Sekjen Kemendiktisaintek Togar M Simatupang menjelaskan Menteri Satryo sudah bertemu dengan pihak terkait seperti https://t.co/HR3Jf3UPeq",,1,3,[]
1886010712838807606,2025-02-02 11:16:08+00:00,Pejuang Tukin Dosen ASN Kemendiktisaintek,Negara tanpa Keadilan,Maluku Utara https://t.co/6YT2eG2TEW,1886009942353613219,1,94,[]
1881250221365346495,2025-01-20 07:59:39+00:00,GELORA NEWS,Indonesia,"Duh! Pegawai Kemendiktisaintek Dipecat Menteri Satryo Lewat WA Gegara Wifi Rumah Dinas
https://t.co/xca4xoT1rv",,1,40,[]
1881627801431998536,2025-01-21 09:00:01+00:00,tempo.co,Indonesia,"Soal Spanduk Menteri Satryo Main Tampar, Sekjen Kemendiktisaintek: Itu Hiperbola
https://t.co/ntusXF65wF",,14,15,[]
1867565742670963158,2024-12-13 13:42:25+00:00,kumparan,,"Wamen Kemendikti Saintek, Stella Christie, menjadi sorotan publik usai membagikan tips sukses masuk perguruan tinggi terbaik. Video tersebut menuai beragam pro dan kontra di masyarakat.
#newsupdate #update #news #videonews
https://t.co/hZYoC5SeYf https://t.co/eEUIwVzMjF",,17,31,"['newsupdate', 'update', 'news', 'videonews']"
1881356201122017775,2025-01-20 15:00:46+00:00,OposisiCerdas.com,,Kemendiktisaintek Ancam Pidanakan ASN yang Demo Menteri Satryo Soemantri Brodjonegoro https://t.co/ckRX45blgt,,2,23,[]
1886398965933035879,2025-02-03 12:58:55+00:00,Pejuang Tukin Dosen ASN Kemendiktisaintek,Negara tanpa Keadilan,@ardisatriawan ada yang mulai ngancem2 ğŸ«¢ https://t.co/lFb8z9UCi5,1886359585025613877,11,229,[]
1882433893728702546,2025-01-23 14:23:08+00:00,CNN Indonesia,,Kemendiktisaintek Dukung Usulan Kampus Kelola Tambang: Kami Siap https://t.co/ikc0uAEyjX,,17,29,[]
1882042418637504772,2025-01-22 12:27:33+00:00,DrHS,"Middle world, also underworld and upperworld","Dua kemenangan buruh hari ini: Septia dinyatakan bebas, dan Kemenkeu menyetujui anggaran tukin dosen ASN Kemendiktisaintek. Keduanya karena buruh bersolidaritas!",,16,5337,[]
1881250315795918991,2025-01-20 08:00:01+00:00,detikedu,,"Puluhan pegawai Kemendiktisaintek lagi demo! ğŸš¨ Mereka protes soal pemecatan salah satu temennya yang dianggap nggak adil. Mereka minta keadilan buat yang dipecat itu! âœŠğŸ˜¤

#detikedu #kemendiktisaintek #Demo https://t.co/QO1jfbyypb",,0,3,"['detikedu', 'kemendiktisaintek', 'Demo']"
1885301942727172575,2025-01-31 12:19:45+00:00,Pejuang Tukin Dosen ASN Kemendiktisaintek,Negara tanpa Keadilan,"1 dari 4 slide yang disosialisasikan.
Katanya sih ya...TUKIN Dosen sejak 2020 tidak bisa dibayarkan. Kenapa??? karena pembayaran TUKIN katanya harusnya diatur oleh PERMEN,,bukan KEPMEN. https://t.co/wVPCs1eo4N",1885301926591680996,7,38,[]
1885494353935949993,2025-02-01 01:04:19+00:00,Pejuang Tukin Dosen ASN Kemendiktisaintek,Negara tanpa Keadilan,Dan menagih hak TUKIN 2020-2024ğŸ™‚â€â†”ï¸ğŸ™‚â€â†”ï¸,,4,263,[]
1886041995464049121,2025-02-02 13:20:27+00:00,Pejuang Tukin Dosen ASN Kemendiktisaintek,Negara tanpa Keadilan,"Ubur-ubur ikan lele, bayar tukin leee... ğŸª¼ğŸ¦ˆ",,1,288,[]
1882339382092595640,2025-01-23 08:07:35+00:00,OposisiCerdas.com,,"Buntut Demo Pegawai Kemendiktisaintek, DPR Serahkan Nasib Menteri Satryo ke Prabowo https://t.co/Sm4u2oAfe7",,1,59,[]
1886390458953150944,2025-02-03 12:25:07+00:00,Pejuang Tukin Dosen ASN Kemendiktisaintek,Negara tanpa Keadilan,Noh yang julid sama aksi hari ini ğŸ˜,,4,542,[]
1886931232921116790,2025-02-05 00:13:58+00:00,Sam Ardi,Karang Tumaritis,"Keadilan sosial bagi seluruh rakyat Indonesia, kecuali dosen ASN Kemendiktisaintek",,2,36,[]
1886316912042230110,2025-02-03 07:32:52+00:00,Harian Kompas,"Palmerah, Jakarta","Dosen ASN Kemendiktisaintek Tuntut Pembayaran Tukin #Foto #AdadiKompas

https://t.co/rEJTN3tKv6",,2,5,"['Foto', 'AdadiKompas']"
1881842789245386827,2025-01-21 23:14:18+00:00,GELORA NEWS,Indonesia,"DPR Panggil Menteri Satryo Soemantri Hari Ini, Minta Penjelasan soal Kisruh di Kemendiktisaintek  https://t.co/PDMZA88NmR",,2,6,[]
1885122395742363663,2025-01-31 00:26:17+00:00,Sam Ardi,Karang Tumaritis,"Dalam SK CPNS dan PNS dosen di Kemendiktisaintek, huruf P merupakan akronim dari Pedagang bukan Pegawai.",,3,44,[]
1881319542762459469,2025-01-20 12:35:06+00:00,OposisiCerdas.com,,Duh! Pegawai Kemendiktisaintek Dipecat Menteri Satryo Lewat WA Gegara Wifi Rumah Dinas https://t.co/Xm4nSOBVLU,,0,24,[]
1885950149731696830,2025-02-02 07:15:29+00:00,Serikat Pekerja Kampus,"Jakarta, Indonesia","Serikat Pekerja Kampus (SPK) bersolidaritas dengan Aliansi Dosen ASN Kemendiktisaintek Seluruh Indonesia (Adaksi) yang menggelar aksi damai menuntut pembayaran tunjangan kinerja (tukin) dosen Kemendikbudristek di Istana Negara pada Senin, 3 Februari 2025.

#SerikatPekerjaKampus https://t.co/yL5vbgSXA4",,5,387,['SerikatPekerjaKampus']
1885301953133244653,2025-01-31 12:19:47+00:00,Pejuang Tukin Dosen ASN Kemendiktisaintek,Negara tanpa Keadilan,"Padahal jelas-jelas,, turunan dari Perpres No.136/2018 ini diatur di Permendikbud No.49/2020. Disini,,tidak ada pengecualian dosen mendapatkan TUKIN

KEPMEN 447/2024 itu tentang Nama Jabatan, Kelas Jabatan, dan Besaran TUKIN untuk Dosen yang selama ini memang belum ada. https://t.co/T6GUWI8iqK",1885301942727172575,1,20,[]
1885301926591680996,2025-01-31 12:19:41+00:00,Pejuang Tukin Dosen ASN Kemendiktisaintek,Negara tanpa Keadilan,"Kocak sekali kementerian kita ini,,bikin sosialisasi via zoom hanya untuk nyampeiin bahwa PERMEN dan KEPMEN tentang TUKIN DOSEN sedang dalam proses. Biasanya yang disosialisasikan itu ya PERMEN/KEPMEN yg sudah disahkan...eh..ini sosialisasi proses pengajuanğŸ¤£ğŸ¤£",,4,51,[]
1886013361084620815,2025-02-02 11:26:40+00:00,Pejuang Tukin Dosen ASN Kemendiktisaintek,Negara tanpa Keadilan,Makassar https://t.co/Tybf67boh0,1886011162124337375,1,91,[]
1881667306943660274,2025-01-21 11:37:00+00:00,Tribunnews.com,Indonesia,"Sekjen Kemendiktisaintek Togar M Simatupang mengungkapkan Neni Herlina dan Mendiktisaintek Satryo Soemantri telah berdamai. Dirinya mengungkapkan Satryo sudah bertemu dengan pihak-pihak terkait seperti Neni Herlina, Angga hingga Ketua Paguyuban Pegawai Dikti Suwitno.  (ist) https://t.co/DpXhuBaRkn",,0,0,[]
1886269487277879719,2025-02-03 04:24:25+00:00,METRO TV,,"Aliansi Dosen Kemendiktisaintek seluruh Indonesia atau Adaksi menggelar aksi damai di kawasan Patung Kuda, Jakarta Pusat. Para dosen menuntut pemerintah untuk membayarkan tunjangan kinerja atau tukin sejak tahun 2020-2024. Aksi ini juga menyuarakan agar tukin tahun 2025 diberikan https://t.co/7pekf8Yips",,6,60,"['Dosen', 'Adiksi', 'JakartaPusat', 'aksidamai', 'patungkuda', 'Kemendiktisaintek']"
1881549297868845140,2025-01-21 03:48:04+00:00,Kompas.com,Jakarta,"Menteri Pendidikan Tinggi, Sains, dan Teknologi (Kemendikti Saintek) Satryo Soemantri Brodjonegoro meminta jajarannya mencari tahu dari mana sumber rekaman suara yang viral di media sosial. 

&lt; #Mendikti #KemendiktiSaintek #SatryoSoemantri

https://t.co/Vwo2O6picP",,154,504,"['Mendikti', 'KemendiktiSaintek', 'SatryoSoemantri']"
1886312360438276343,2025-02-03 07:14:47+00:00,Pejuang Tukin Dosen ASN Kemendiktisaintek,Negara tanpa Keadilan,"Persiapan menuju Istana, menyampaikan Surat Tuntutan dan menyampaikan aspirasi dosen ASN @Kemdiktisaintek ke Presiden. Pihak istana menerima 8 orang perwakilanÂ ADAKSI, semoga bisa diterima langsung oleh bapak presiden @prabowo 
#tukinforall 
#bayartukindosenkemdiktisaintek https://t.co/iVeCWO75Vk",,20,770,"['tukinforall', 'bayartukindosenkemdiktisaintek', 'dosenbukansapiperah']"
1885065435638358362,2025-01-30 20:39:57+00:00,Pejuang Tukin Dosen ASN Kemendiktisaintek,Negara tanpa Keadilan,"untuk menambah khazanah per-Tukineman kita semua.  

dimuat di @ConversationIDN 

https://t.co/7QlHS6mvhC",,3,101,[]
1885274285402366260,2025-01-31 10:29:50+00:00,Kompas Data,"Palmerah, Jakarta","Dosen ASN Kemendiktisaintek di berbagai daerah bergerak menuju Jakarta untuk aksi damai. Dosen menolak hak pembayaran tukin terus diabaikan pemerintah. #Humaniora #AdadiKompas  
  
https://t.co/G5mLmNkkfe",,0,3,"['Humaniora', 'AdadiKompas']"
1884911905203970531,2025-01-30 10:29:52+00:00,Pejuang Tukin Dosen ASN Kemendiktisaintek,Negara tanpa Keadilan,masih ga percaya #dosendimiskinkannegara ?,,1,56,['dosendimiskinkannegara']
1882050671404363993,2025-01-22 13:00:21+00:00,Universitas Negeri Malang - Menfess! ğŸ‰,cra krim mfs? cek linkâ€¼ï¸ğŸ˜ ğŸ‘‰ğŸ»,"kating um! plz jawab, mending ikut MBKM AM atau KM (kalo misal masih berlanjut), dan sender minta saran dong nanti smt 5 ikut MBKM apa? sender dari salah satu prodi pendidikan bahasa asing (sender berharap smoga MBKM Kemendiktisaintek masih berlanjut)",,8,9,[]
1886244733099671902,2025-02-03 02:46:03+00:00,Pejuang Tukin Dosen ASN Kemendiktisaintek,Negara tanpa Keadilan,"Live streaming AKSI dosen hari ini

https://t.co/KLm5Uu7h53

#tukinforall 
#bayartukindosenkemdiktisaintek 
#dosenbukansapiperah",,2,90,"['tukinforall', 'bayartukindosenkemdiktisaintek', 'dosenbukansapiperah']"
1885205140329947495,2025-01-31 05:55:05+00:00,Panda Mikucan,Indonesia,"Tukin dosen ASN th 2020 - 2024 tidak dibayarkan
Menurut Sekjen Kemendiktisaintek, Togar M Simatupang, keputusan itu diambil karena kementerian sebelumnya yang membidangi pendidikan tinggi, tidak mengajukan pencairan tukin ASN melalui birokrasi yang semestinya
Tukin kan hak, yg https://t.co/shLbSd2Epl",,5,26,[]
1887589574332789216,2025-02-06 19:49:58+00:00,Pejuang Tukin Dosen ASN Kemendiktisaintek,Negara tanpa Keadilan,"Sejujurnya sudah mulai banyak rekan dosen yang mulai malas-malasan mengajar dan meneliti dengan baik.

Sudah kecapekan cari sampingan di luar kampus.",,13,395,[]
1881497414953279748,2025-01-21 00:21:54+00:00,20DETIK,JKT-INA,Video: Seputar Demo ASN Kemendiktisaintek https://t.co/lrc3TG62oO,,0,1,[]
1887085118310982124,2025-02-05 10:25:27+00:00,Progresip | Media Kelas Pekerja,"Jakarta, Indonesia","Dosen ASN di bawah Kemendiktisaintek turun ke jalan!

ADAKSI gelar aksi di Jakarta, menuntut pencairan Tukin yang tertahan sejak 2020. 

Seperti apa tuntutannya? Simak liputannya di YouTube progreSIP! 

https://t.co/x4nFtMhRpX",,0,14,[]
1886030494317289846,2025-02-02 12:34:45+00:00,Pinto Anugrah,,"Selamat berjuang bapak ibu rekan2 dosen ASN Kemendiktisaintek, semoga diberkahi Allah swt..",,1,146,[]
1881491956875804789,2025-01-21 00:00:13+00:00,BeritaSatu,Jakarta,"Sekretaris Jenderal (Sekjen) Kementerian Pendidikan Tinggi, Sain, dan Teknologi (Kemendiktisaintek) RI Togar M Simatupang mengatakan akan membawa ke ranah hukum apabila ASN di kementeriannya kembali mengunjuk rasa.

Diketahui, para ASN Kemendiktisaintek menggelar aksi protes https://t.co/Vwv3SbxCts",,1,1,"['SatryoBrodjonegoro', 'Demonstrasi', 'Kemendiktisaintek', 'TogarMSimatupang', 'BeritaSatu']"
1881631660640440778,2025-01-21 09:15:21+00:00,Muhammadiyah,Indonesia,"Peroleh Izin Kemendiktisaintek, Program Magister Keperawatan Unisa Yogyakarta Siap Dibuka

https://t.co/12nvz2HY8E

#Muhammadiyah #Pendidikan #Keperawatan",,0,20,"['Muhammadiyah', 'Pendidikan', 'Keperawatan']"
1887133734442500203,2025-02-05 13:38:38+00:00,Majalah Ketik,Polimedia Kreatif Jakarta,"Aliansi Dosen Kemendiktisaintek Seluruh Indonesia (ADAKSI) @tukin_dosenASN melakukan aksi demonstrasi di depan Patung Kuda, Jakarta Pusat, pada Senin 3 Februari. para dosen menuntut pembayaran Tunjangan Kinerja (TUKIN) yang belum dibayarkan sejak tahun 2020. https://t.co/FnjW8FnVIo",,1,18,[]
1886420430946222081,2025-02-03 14:24:13+00:00,Kompas Data,"Palmerah, Jakarta","Dosen ASN Kemendiktisaintek di seluruh Indoensia tidak lagi pasrah. Mereka terus bergerak menuntut pembayaran tunjangan kinerja dari tahun 2020 hingga sekarang.Â  #Humaniora #AdadiKompas  
  
https://t.co/mbH1QPZybr",,0,3,"['Humaniora', 'AdadiKompas']"
1885233440905453735,2025-01-31 07:47:32+00:00,IDN Times,,"Kemendiktisaintek keluarkan surat penjelasan soal tunjangan kinerja (tukin) dosen ASN. Dalam surat dijelaskan tukin dosen ASN pada 2020-2024 tak bisa dibayarkan karena tak ada alokasi anggaran untuk hal itu sesuai aturan birokrasi yang ada.

https://t.co/dWIDczPb4e

#IDNTimesNews https://t.co/xXcM9atXLc",,1,2,['IDNTimesNews']
1885523266258849951,2025-02-01 02:59:12+00:00,Harian Kompas,"Palmerah, Jakarta","Setelah lama diperjuangkan dosen, pembayaran tunjangan kinerja dosen Kemendiktisaintek mulai diurus serius oleh pemerintah. Namun, belum untuk semua dosen. #Humaniora #AdadiKompas

https://t.co/4mzlGaAzYJ",,1,1,"['Humaniora', 'AdadiKompas']"
1885274127935705092,2025-01-31 10:29:13+00:00,Harian Kompas,"Palmerah, Jakarta","Dosen ASN Kemendiktisaintek di berbagai daerah bergerak menuju Jakarta untuk aksi damai. Dosen menolak hak pembayaran tukin terus diabaikan pemerintah. #Humaniora #AdadiKompas

https://t.co/yxcJkDxAtk",,0,4,"['Humaniora', 'AdadiKompas']"
1881369620445339733,2025-01-20 15:54:06+00:00,CNN Indonesia,,DPR Minta Kemendiktisaintek Selesaikan Masalah Internal dengan Bijak https://t.co/Z07Ohrx59w,,2,10,[]
1886420435882873167,2025-02-03 14:24:14+00:00,Harian Kompas,"Palmerah, Jakarta","Dosen ASN Kemendiktisaintek di seluruh Indoensia tidak lagi pasrah. Mereka terus bergerak menuntut pembayaran tunjangan kinerja dari tahun 2020 hingga sekarang.Â  #Humaniora #AdadiKompas

https://t.co/WCMALQXOKG",,0,3,"['Humaniora', 'AdadiKompas']"
1886003284797992975,2025-02-02 10:46:37+00:00,Siska Benangsari,,"Dana riset Kemendiktisaintek: Rp3,96T
ğŸ“‰ Hanya 0,25% dari PDB Indonesia
ğŸ”¬ Negara lain:

Singapura: 1,9% dari PDB
Malaysia: 1,4% dari PDB
Tiongkok: 2,4% dari PDB
Korea Selatan: 4,8% dari PDB
â€¼ï¸ Tanpa riset yang kuat, Indonesia akan terus tertinggal dalam inovasi &amp; teknologi!",1886003123032056134,1,8,[]
1886734957751488694,2025-02-04 11:14:02+00:00,Pejuang Tukin Dosen ASN Kemendiktisaintek,Negara tanpa Keadilan,"Perut kosong kok ngomongin marwah ğŸ˜…

bapak sendiri kan yang ngajarin mogok dulu waktu di ITB tahun 2022 ğŸ˜‹

https://t.co/A7JNlg0QbD https://t.co/FiniGStp6P",,13,552,[]
1881649492421992519,2025-01-21 10:26:13+00:00,tvOnenews,"Pulo Gadung, Indonesia","Ketua Komisi X DPR RI Hetifah Sjaifudian meminta Kementerian Pendidikan Tinggi, Sains, dan Teknologi (Kemendiktisaintek), segera evaluasi internal secara transparan dan independen khususnya terkait Menteri Satryo Soemantri Brodjonegoro. 

Pernyataan tersebut sebagai bentuk https://t.co/pVpWGPhrOr",,0,2,"['HardNews_Viral', 'NewsOne', 'CariBeritaditvOne', 'DPRRI', 'SatryoSoemantriBrodjonegoro']"
1886371821420752971,2025-02-03 11:11:03+00:00,Harian Kompas,"Palmerah, Jakarta","Belum dibayarkannya tukin dosen di Kemendiktisaintek merupakan bentuk ketidakadilan karena dosen di kementerian lain sejak lama mendapat tukin. #Nusantara #AdadiKompas 

https://t.co/nW7EGgVjvA",,0,2,"['Nusantara', 'AdadiKompas']"
1887867647615705480,2025-02-07 14:14:56+00:00,Pejuang Tukin Dosen ASN Kemendiktisaintek,Negara tanpa Keadilan,"mungkin yang dimaksud 2025 Hijriah. 
Soalnya kalo masehi sekarang sudah Februari nih.

Katanya RAKYAT PRIORITAS UTAMA tapi nyatanya TUKIN Mangkrak seharusnya Pemerintah menjadi Teladan Mengayomi Melindungi #pemerintahsehatkanBangsa #bayartukinkemdiktisaintek #dosenbukansapiperah https://t.co/yVKKF3wa3r",,5,110,"['pemerintahsehatkanBangsa', 'bayartukinkemdiktisaintek', 'dosenbukansapiperah', 'dosendimiskinkannegara']"
1885303357734347108,2025-01-31 12:25:22+00:00,Brekzs #KuSangatSuka,,"Wah anj Kemenkes, Kemendikmen, dan Kemendiktisaintek dipotong sampe segitunya. Gk sehat negara ini anjjjj https://t.co/Mq7sO8lV8R",,3,40,[]
1883453425687429620,2025-01-26 09:54:24+00:00,Harian Kompas,"Palmerah, Jakarta","Dosen ASN Kemendiktisaintek menuntut pembayaran tunjangan kinerja bagi semua dosen. Tanpa tukin, pemerataan dosen yang sejahtera sulit terwujud.Â Â  #Humaniora #AdadiKompas

https://t.co/nWBpQEtrpC",,0,8,"['Humaniora', 'AdadiKompas']"
1887874971910733999,2025-02-07 14:44:02+00:00,Pejuang Tukin Dosen ASN Kemendiktisaintek,Negara tanpa Keadilan,"5. Berhimpunlah dan buat strategi
Orang baik jika berkumpul, tidak ada yang dihasilkan kecuali kebaikan juga.
So, jangan berjalan sendiri-sendiri. berhimpunlah dan saling dukung. Jangan terpecah belah.
dengan begitu kekuatan orang baik akan semakin besar dan besar",1887864036659761584,0,17,[]
1885985909738459209,2025-02-02 09:37:35+00:00,Pejuang Tukin Dosen ASN Kemendiktisaintek,Negara tanpa Keadilan,"@ardisatriawan Karena menteri @Kemenag_RI dan jajaran turun tangan bantu komunikasi ke Presidennya langsung..lah @Kemdiktisaintek boro-boro  dibawa ke Presiden,, malah dosennya gak dianggap Pegawai,, dosen2 harus berjuang  meyakinkan DPR,,smpai akhrnya kementerian sendiri mau bersuarağŸ¤§",1885710744601461109,2,57,[]
1887494372205469989,2025-02-06 13:31:40+00:00,perupadata,,"Ini hitungan polemik tukin dosen ASN. Belum cair sejak 2020, tapi Kemendiktisaintek cuma memproses tukin 2025 saja.

Diusulkan 8 triliun untuk 80 ribu dosen. Diberikan juga skenario moderat dan minimalis.

Yang disetujui? Bahkan lebih kecil daripada skenario paling pesimis. https://t.co/uC67iduMyM",,1,19,[]
1881644823418896626,2025-01-21 10:07:39+00:00,BeritaSatu,Jakarta,"ASN Berdemo, Kemendiktisaintek Siap Penuhi Pemanggilan Presiden dan DPR
https://t.co/UrOrkOrFdA",,0,2,[]
1885307040618176893,2025-01-31 12:40:00+00:00,tempo.co,Indonesia,"Kemendiktisaintek Akan Bayar Tukin Dosen ASN untuk Tahun 2025
https://t.co/KNWfW4dKDg",,0,3,[]
1886053623408271702,2025-02-02 14:06:39+00:00,ikhwÄnuddÄ«n âœ¦,London,baca-baca isi grup Dosen ASN Kemendiktisaintek merinding sih.. 3 Februari 2025 bakal jadi sejarah Dosen semuanya bersatu. âœŠâœŠ,,3,999,[]
1887349445987344586,2025-02-06 03:55:47+00:00,Sam Ardi,Karang Tumaritis,"Tukinnya ga bisa dicairkan karena beda nomenklatur, tapi dosen ASN kemendikbud default jadi dosen kemendiktisaintek. Urusan kerja kerja kerja otomatis default, urusan kesejahteraan nanti dulu. Anda ini berpihak ke siapa sih? Kayaknya kalo rakyat ngga deh!",,1,292,[]
1886274271221317978,2025-02-03 04:43:26+00:00,Pejuang Tukin Dosen ASN Kemendiktisaintek,Negara tanpa Keadilan,"Dosen berhak mendapatakan TUKIN sejak tahun 2020. Tukin dosen untuk semua,, 2020-2024 harga mati.
#tukinforall
#dosenbukansapiperah 
#bayartukindosenkemdiktisaintek https://t.co/BSpZAjMVyl",1886270801063899454,0,53,"['tukinforall', 'dosenbukansapiperah', 'bayartukindosenkemdiktisaintek']"
1887191327583981672,2025-02-05 17:27:29+00:00,Pejuang Tukin Dosen ASN Kemendiktisaintek,Negara tanpa Keadilan,"Pejabat-pejabat pemerintah bergerak secara cepat dan taktis

tapi amatiran",,2,28,[]
1887864036659761584,2025-02-07 14:00:35+00:00,Pejuang Tukin Dosen ASN Kemendiktisaintek,Negara tanpa Keadilan,"4. JANGAN Normalisasi pelanggaran sekecil apapun.
ada yang nyogok, ya diingetin.
ada yang markup nota, ya dilaporin.
jangan malah menjadi bagian.",1887553684693000521,1,19,[]
1886233669402247280,2025-02-03 02:02:05+00:00,Rizki,"Padang, Indonesia","Bayarkan tukin dosen kemendiktisaintek sejak 2020

#bayartukindosenkemdiktisaintek 
#dosenbukansapiperah 
#tukinforall https://t.co/wzGfz0qS4s",,0,49,"['bayartukindosenkemdiktisaintek', 'dosenbukansapiperah', 'tukinforall']"
1886341689264189586,2025-02-03 09:11:19+00:00,Temu Wicara,,"Respon Sekjen Kemendikti ni egk punya empati ke buruh pendidikan dg menganggap ""ASN &amp; P3K tidak boleh bersuara di ruang publik dg dalih tak objektif &amp; tak sesuai kode etik."" Nakal mau direpresi dg dicek udh izin pimpinan perguruan tinggi blm yg pada demo
https://t.co/MHwnniWO9d",,1,5,[]
1885301961278578698,2025-01-31 12:19:49+00:00,Pejuang Tukin Dosen ASN Kemendiktisaintek,Negara tanpa Keadilan,Jadii..sebenarnya Drama Komedi apa yang kementerian @Kemdiktisaintek  ini buat??? kenapaa harus ditutup tutupi hak dosen iniiğŸ˜®â€ğŸ’¨ğŸ˜®â€ğŸ’¨,1885301957461713198,1,26,[]
1887312274035253414,2025-02-06 01:28:05+00:00,KrsKrs,"Depok, Jawa Barat","@kompascom sebelum 2024 nama kementriannya Kemendikbudristek.... setelah 2024 dipecah jd3: Kemendikdasmen, Kemendiktisaintek dan Kemenbud. Ini masalah administrasi anggaran lintas rezim dan kementrian mesti cepat dipecahkan.... kasian para dosen ğŸ™ğŸ»ğŸ˜“ https://t.co/K9ozIby6nW",1887285858551959886,1,7,[]
1886375290282111322,2025-02-03 11:24:51+00:00,Kompas Klasika,"Palmerah Selatan, Jakarta","Belum dibayarkannya tukin dosen di Kemendiktisaintek merupakan bentuk ketidakadilan karena dosen di kementerian lain sejak lama mendapat tukin. #Nusantara #AdadiKompas

https://t.co/cjS6MBXRKY",,0,2,"['Nusantara', 'AdadiKompas']"
1887047030599770184,2025-02-05 07:54:06+00:00,Sam Ardi,Karang Tumaritis,"Effort Kemendiktisaintek masih kurang, masih kalah jauh dengan Kemenag. Bahkan kalah jauh dengan sekelas Menteri ESDM saat ini dalam memperjuangkan tukin ASN sehingga ga kebanyakan fafifu tukin mereka naik.",,2,4,[]
1884906807639916819,2025-01-30 10:09:37+00:00,Harian Kompas,"Palmerah, Jakarta","Tukin dosen ASN di lingkungan Kemendiktisaintek untuk tahun 2025 kemungkinan dibayar, saat ini proses pengalokasiannya masih berlangsung.Â  #Humaniora #AdadiKompas

https://t.co/3fpdyAQ3C1",,0,2,"['Humaniora', 'AdadiKompas']"
1887549610111213769,2025-02-06 17:11:10+00:00,Pejuang Tukin Dosen ASN Kemendiktisaintek,Negara tanpa Keadilan,"Semua dinamika yang terjadi akhir-akhir ini melahirkan sebuah kesadaran kolektif bahwa politik memang sepenting itu. 

Apatisme kita hanya akan memperparahnya.

Sudahlah! kalian cari apa ?!
tombol ""RESET"" negara ? ğŸ˜‚ğŸ˜‚

Ga ada!",1887549320834245109,1,10,[]
1886009140792672588,2025-02-02 11:09:54+00:00,Pejuang Tukin Dosen ASN Kemendiktisaintek,Negara tanpa Keadilan,"Sulawesi Barat

https://t.co/oIJ8BWvOCf https://t.co/1Iw9kMf9g8",1886008532656349477,1,95,[]
1886737843198025809,2025-02-04 11:25:30+00:00,Sam Ardi,Karang Tumaritis,"Pak bapak, kapan kepastian tukin ASN dosen Kemendiktisaintek ditunaikan oleh pemerintah? Mohon jawabannya ya pak bapak",,1,38,[]
1886700881560940931,2025-02-04 08:58:38+00:00,Sam Ardi,Karang Tumaritis,Ngurusin tukin dosen ASN kemendiktisaintek aja ga beres-beres,,0,29,[]
1887285858551959886,2025-02-05 23:43:07+00:00,Kompas.com,Jakarta,"Stella Christie menegaskan bahwa tunjangan kinerja (Tukin) untuk dosen Aparatur Sipil Negara (ASN) yang belum dibayarkan pada 2020 hingga 2024 tidak dapat dicairkan.

~N #Tukin #Dosen #ASN #KemendiktiSaintek
https://t.co/Oi40AW1Qzm",,89,338,"['Tukin', 'Dosen', 'ASN', 'KemendiktiSaintek']"
1887863103574212807,2025-02-07 13:56:53+00:00,Pejuang Tukin Dosen ASN Kemendiktisaintek,Negara tanpa Keadilan,"Sudah termaktub dalam Nota Keuangan APBN,saat ini masih dibahas dan disusun instrumen perundang-undangannya...jadii....?
Semoga tukin dosen,THR,gaji-13 tahun ini segera cair,,ğŸ¥¹",,4,53,[]
1886305272593015007,2025-02-03 06:46:37+00:00,konde.co,Indonesia,"@tukin_dosenASN Tukin dosen ASN Kemendiktisaintek yang belum dibayarkan sejak 2020 merupakan bentuk ketidakadilan. Kesejahteraan dosen adalah penting dan harus diperhatikan secara serius oleh pemerintah. Sebagai tenaga pendidik, dosen ASN berhak atas tukin dan pemenuhan hak-hak dasar mereka",1886305005847920806,0,5,"['tukinforall', 'dosenbukansapiperah', 'LiveReportKonde']"
1886334184500908449,2025-02-03 08:41:30+00:00,Pejuang Tukin Dosen ASN Kemendiktisaintek,Negara tanpa Keadilan,"@Kemdiktisaintek @prabowo Info terbaru..ternyata Istana sama sekali tidak menerima AKSI,,teman2 hanya bisa menyampaikan surat ke MENSESNEG ğŸ¤§",1886312360438276343,11,163,[]
1886759262514192404,2025-02-04 12:50:37+00:00,Pejuang Tukin Dosen ASN Kemendiktisaintek,Negara tanpa Keadilan,"selengkapnya
https://t.co/QN4ESILfbp",1886734957751488694,0,27,[]
1885300120495022233,2025-01-31 12:12:30+00:00,Whatalife,,"@kompascom Hak tukin dosen ASN yg ""cuma"" 8.7 T setahun kenapa ga disetujui? 
Padahal itu hak yg diberikan ke pegawai K/L lain. Kenapa dosen PNS Kemendiktisaintek dikecualikan?",1884858533885382769,0,15,[]
1886155596287664415,2025-02-02 20:51:51+00:00,Pejuang Tukin Dosen ASN Kemendiktisaintek,Negara tanpa Keadilan,"ada kak, berikut form donasinya https://t.co/gSHWtHs5Zi 

maaf no rekening belum atas nama Adaksi, segera diurus setelah berbadan hukum.",,2,83,[]
1881876740240486551,2025-01-22 01:29:13+00:00,Kompas.com,Jakarta,"Aparatur Sipil Negara (ASN) Kemendikti Saintek memprotes Menteri Satryo Soemantri untuk menuntut keadilan dan mengungkap pemecatan sepihak yang kontroversial.

&lt; #KemendiktiSaintek #ASN

https://t.co/EKmCzTqKB5",,0,4,"['KemendiktiSaintek', 'ASN']"
1881592116167770294,2025-01-21 06:38:13+00:00,Tribunnews.com,Indonesia,"Kemendiktisaintek Sebut ASN dan Menteri Satryo Sudah Damai, Neni Herlina Tidak Jadi Dipindah https://t.co/Jsvd2nywfP lewat @tribunnews",,2,1,[]
1886311243776131381,2025-02-03 07:10:21+00:00,IDN Times,,"@tukin_dosenASN @Kemdiktisaintek Dosen ASN Kemendiktisaintek Ancam Mogok Ngajar Jika Tukin Mandek

https://t.co/UenKtz1egQ",1886280974490882513,0,112,[]
1886032095023190225,2025-02-02 12:41:06+00:00,Pejuang Tukin Dosen ASN Kemendiktisaintek,Negara tanpa Keadilan,"@dudidumdam terima kasih.

Ini kesempatan Indonesia yang terakhir untuk berbenah. jika tidak (maaf) ga akan lagi terselamatkan",1886031505182585269,1,34,[]
1864144950692335663,2024-12-04 03:09:25+00:00,BeritaSatu,Jakarta,"Senator Hasby Yusuf Minta Kemendiktisaintek Tambah Dana Pendidikan Tinggi di Malut #BNetwork 
https://t.co/o2imh5DQsz",,0,0,['BNetwork']
1886711881710387333,2025-02-04 09:42:20+00:00,detikJateng,,"Kemendiktisaintek disebut memberikan dispensasi dengan memperpanjang pendaftaran SNBP untuk siswa SMK Negeri 2 Solo. Kebijakan ini diambil setelah siswa dan wali murid melayangkan protes kemarin. 

Baca artikel selengkapnya di https://t.co/7dCiGHAf5l

#smkn2solo #snbp #pdss https://t.co/4hwnL94UDz",,0,4,"['smkn2solo', 'snbp', 'pdss']"
1887552380100878739,2025-02-06 17:22:11+00:00,Pejuang Tukin Dosen ASN Kemendiktisaintek,Negara tanpa Keadilan,"2. Cegah orang jahat berkuasa
Hitam dan putih itu sangat samar sekarang. Kita bahkan kadang suka bingung menilai baik/buruknya pemimpin.

Mulai sekarang tanamkan sikap skeptis. Misal: 
kalo si A berkuasa, siapa yang diuntungkan? dari sana kita menilai secara objektf niatnya",1887551090864103518,1,10,[]
1886018446309110252,2025-02-02 11:46:52+00:00,Pejuang Tukin Dosen ASN Kemendiktisaintek,Negara tanpa Keadilan,@wahyuputra19 @ardisatriawan kami mau ketemu presiden @prabowo langsung,1885946230754418946,2,39,[]
1887860373354873026,2025-02-07 13:46:02+00:00,Pejuang Tukin Dosen ASN Kemendiktisaintek,Negara tanpa Keadilan,"@zanatul_91 memang dah paling benar gitu,,selama ini harus nunggu daerah cairin,,itupun beberapa bulan sekali...biar gak ada tuh orang dinas minta pungli2 gak jelas ke guru,,guru gajinya dah kecil,tugasnya berat, mash harus berurusan sm org dinas yg manfaatin guru utk dpatin haknya sndiri.",1887845531319484721,3,80,[]
1885574392924848275,2025-02-01 06:22:22+00:00,txtdaripemerintah,Gedung DPR RI,"ASN demo Mendiktisaintek Satryo karena adanya pemberhentian secara mendadak kepada pegawai Kemendiktisaintek bernama Neni Herlina. 

Neni mengaku ia menerima perlakuan yang tidak mengenakkan dari Menteri Satryo ketika menjalankan tugas.

via https://t.co/BMUBpTzD0t https://t.co/bPGZNQph6V",,1,1,[]
1885301957461713198,2025-01-31 12:19:48+00:00,Pejuang Tukin Dosen ASN Kemendiktisaintek,Negara tanpa Keadilan,"Kesimpulannya :
Ya sejak 2020 TUKIN DOSEN harusnya ada dan harus dibayarkan,,,titik",1885301953133244653,2,29,[]
1882401854421864910,2025-01-23 12:15:50+00:00,Kompas.com,Jakarta,"Kementerian Pendidikan Tinggi, Sains, dan Teknologi (Saintek) siap terlibat terkait usulan pemberian izin kelola tambang kepada perguruan tinggi.

~N #Tambang #KemendiktiSaintek
https://t.co/DxCsaJOvf3",,0,2,"['Tambang', 'KemendiktiSaintek']"
1882416101382139926,2025-01-23 13:12:26+00:00,antaranews.com,NKRI,"Kementerian Pendidikan Tinggi, Sains, dan Teknologi (Kemendiktisaintek) menyiapkan tiga skenario terkait dengan pemberian tunjangan kinerja (tukin) dosen berstatus aparatur sipil negara (ASN). https://t.co/IF8ZpmkUv0",,1,1,[]
1887880845568204809,2025-02-07 15:07:23+00:00,Jung,,"GUYS! ada info terbaru dari kemendiktisaintek kalo pendaftaran bakal dibuka lagi sampe jam 4 pagi.

Semoga sekolah-sekolah kita yg belum finalisasi dapat menginput seluruh data yaa...

karna jujur, SNBP juga merupakan salah satu harapan bagi kami, semoga sekolah tidak lalai lagi https://t.co/f30dEidNZv",1887868885774598312,8,338,[]
1887744562959163729,2025-02-07 06:05:51+00:00,Sam Ardi,Karang Tumaritis,@MikaelDewabrata Tukin dosen ASN Kemendiktisaintek belum jelas nasibnya dibayarkan atau tidak,1887718172759044242,0,4,[]
1887193760582222305,2025-02-05 17:37:09+00:00,Pejuang Tukin Dosen ASN Kemendiktisaintek,Negara tanpa Keadilan,"kirain mau disanggah. malah dikonfirmasi ğŸ¥²
 
https://t.co/lh3fsrITJI https://t.co/xqePxIiXGD",1887075587992486167,4,114,[]
1887553514110628324,2025-02-06 17:26:41+00:00,Pejuang Tukin Dosen ASN Kemendiktisaintek,Negara tanpa Keadilan,"3. Dukung orang baik secara TOTAL 
Kalo kita ga sanggup jadi pemimpin. at least, dukung orang baik jadi pemimpin.  
Jangan biarkan dia berjuang sendirian!  layaknya Rusa diterkam binatang-binatang buas.

karena KEJAHATAN YANG TERSTRUKTUR akan mengalahkan kebaikan yang berantakan",1887552380100878739,1,12,[]
1886319081974047132,2025-02-03 07:41:29+00:00,Pejuang Tukin Dosen ASN Kemendiktisaintek,Negara tanpa Keadilan,@pejabrut Yang selama ini teman2 dosen @Kemdiktisaintek rasakan sampai sekarang ğŸ¤§,1886239432657043786,1,39,[]
1882635570599571472,2025-01-24 03:44:32+00:00,detikedu,,Video: Kemendiktisaintek Usulkan 3 Skema Tukin untuk Dosen ASN https://t.co/Alh2Z69xPK,,0,2,[]
1885987282194399705,2025-02-02 09:43:02+00:00,Siska Benangsari,,"Anggaran 2025: Kenapa TUKIN Dosen Hanya 2,5T?
ğŸ“¢ Kemendikbudristek dipecah 3 kementerian:
1ï¸âƒ£ Kemendikdasmen
2ï¸âƒ£ Kemendiktisaintek
3ï¸âƒ£ Kemendikbud

ğŸ’° Anggaran Kemendiktisaintek tertinggi: 57 T
ğŸ‘‰ TUKIN dosen hanya dianggarkan Rp2,5T, dan hanya untuk 33.000 dosen PTN satker",1885947344233136613,1,8,[]
1877924516250394972,2025-01-11 03:44:29+00:00,Fontra Siennta Gramasic,Jakarta,"https://t.co/nvNHb4tbzx

Ane pernah twitt udah lama. Kuncinya cuma hapus tuh Sekolah Kedinasan Non Ikatan Dinas yang dilaksanakan K/L diluar Kemendiktisaintek. Niscaya dana ratusan T ga sia2, bahkan bisa ngasih Tukin Dosen ASN bahkan perkuat PTN-PTN yang ada selama ini.",,1,33,[]
1882444465593590203,2025-01-23 15:05:09+00:00,Radio Suara Surabaya,"Kota Surabaya, Jawa Timur","Kemendiktisaintek Punya Tiga Skenario Soal Tukin Dosen

https://t.co/mDjLZwAWS1",,1,4,[]
1887343792342376525,2025-02-06 03:33:19+00:00,Yahya Fathur Rozy,,"@detikcom @detik_edu Soal PDSS bakal segera diurus, ya teman-teman! Kemendikdasmen bakal koordinasi sama Kemendiktisaintek buat ngasih kesempatan lagi ke sekolah-sekolah yang belum daftar. Jadi, tinggal sekolahnya aja nih yang harus manfaatin peluang ini sebaik mungkin!",1886726392643006921,2,11,[]
1886674833796202653,2025-02-04 07:15:07+00:00,Radio Suara Surabaya,"Kota Surabaya, Jawa Timur","Pakar Tegaskan Tukin Adalah Hak Dosen, Tuntut Kemendiktisaintek Cairkan Secara Keseluruhan
https://t.co/wvCBlKvzh5",,0,2,[]
1886636635082899886,2025-02-04 04:43:20+00:00,Pejuang Tukin Dosen ASN Kemendiktisaintek,Negara tanpa Keadilan,@prastow apa apa Presiden memg harus turun tangan ğŸ¤§,1886614576734855443,2,15,[]
1887863613005914529,2025-02-07 13:58:54+00:00,anak cipit,Banda aceh,@JAstuti32696 @Kemdiktisaintek @prabowo @gibran_tweet @tukin_dosenASN Viralkan ini kementerian ga becus @Kemdiktisaintek @prabowo @Gerindra @NarasiNewsroom @detikcom Bayarkan  tukin Dosen ASN Kemendiktisaintek segera,1887858697906393372,2,6,[]
1887551090864103518,2025-02-06 17:17:03+00:00,Pejuang Tukin Dosen ASN Kemendiktisaintek,Negara tanpa Keadilan,"1. Terlibatlah dalam kekuasaan sekecil apapun.
Jangan suka menghindar jika diamanahi sesuatu apalagi bila kamu mumpuni di bidang itu. memang amanah itu berat, tapi apakah kamu rela diberikan ke orang yang salah ? Hancur!",1887550455791931614,1,8,[]
1888186040005095643,2025-02-08 11:20:07+00:00,:),,"@limbahpenguasa @kegblgnunfaedh Kemenkes, kemendiktisaintek, kemendikdasmen pada kena pangkas ğŸ˜­
Pantesan kemarin bukan prioritas utama ğŸ˜­",1887878491120840998,0,5,[]
1886025163294069181,2025-02-02 12:13:34+00:00,Pejuang Tukin Dosen ASN Kemendiktisaintek,Negara tanpa Keadilan,"@alisyaifudin18 pinter banget Nadiem ini ngasih ranjau, yang baru nginjek semuanya",1885525170917695767,0,6,[]
1887076001882026288,2025-02-05 09:49:13+00:00,Pejuang Tukin Dosen ASN Kemendiktisaintek,Negara tanpa Keadilan,"@ardisatriawan tinggal pilih. 
mau utang mulu kek sebelumnya atau motong mulu kek sekarang ?",1887074916593500216,26,100,[]
1888039782707781994,2025-02-08 01:38:56+00:00,20DETIK,JKT-INA,Video Muasal Kusutnya Tukin Dosen ASN Kemendiktisaintek https://t.co/P8v4o5AiX7,,0,1,[]
1887550455791931614,2025-02-06 17:14:32+00:00,Pejuang Tukin Dosen ASN Kemendiktisaintek,Negara tanpa Keadilan,"tapi dengan bahasa bayi aku akan bagikan cara memastikan segenggam kekuasaan itu dipegang oleh orang yang tepat.

karena disanalah nasib kita semua ditentukan. Dapet kesejahteraan layak apa enga, Sembako susah apa enga, gas ngantri apa enga.

ini caranya :",1887549610111213769,1,10,[]
1888046874621526453,2025-02-08 02:07:07+00:00,detikedu,,Video Muasal Kusutnya Tukin Dosen ASN Kemendiktisaintek https://t.co/1Wvdi1YJzU,,0,0,[]
1886028878545567836,2025-02-02 12:28:20+00:00,Pejuang Tukin Dosen ASN Kemendiktisaintek,Negara tanpa Keadilan,"@HaubAkalam sudah kak, baru kami rintis @pekerjakampus",1885459429648457803,0,19,[]
1886427972930007175,2025-02-03 14:54:11+00:00,intinyadeh,di ujung lidah tapi gak keluar,"Konteks sebelumnya:

Kemendiktisaintek menyatakan gak akan bayar tukin dosen 2020-2024 karena Kementerian sebelumnya gak ngelakuin proses birokrasi yg semestinya, jd udah tutup buku dan gak bisa dibayarkan.

Dosen2 jg udh byk yg demo di daerah masing2, hari ini kumpul ke Jakarta.",1886427223244329120,1,46,[]
1885360392144380343,2025-01-31 16:12:00+00:00,Zoom project,,"@saiddhak @tukin_dosenASN saya bicara tentang kesejahteraan dosen pak, terutama dosen ASN kemendiktisaintek yang telah di diskriminasi selama bertahun2. anda bayangkan lulusan S3 gelar doktor dengan kewajiban ngajar, neliti, pengabdian, publikasi, dll. tapi penghasilan masih kalah sama satpam bank ?.",1885353859046162925,0,2,[]
1886154347010031960,2025-02-02 20:46:54+00:00,Pejuang Tukin Dosen ASN Kemendiktisaintek,Negara tanpa Keadilan,@ikhwanuddin domba yang sendiri akan diterkam serigala,1886053623408271702,0,9,[]
1886020850651930824,2025-02-02 11:56:26+00:00,Pejuang Tukin Dosen ASN Kemendiktisaintek,Negara tanpa Keadilan,@kSyaban jelas tidak,1885850268744687714,0,4,[]
1886022760373105113,2025-02-02 12:04:01+00:00,Pejuang Tukin Dosen ASN Kemendiktisaintek,Negara tanpa Keadilan,"@alfiangnwn Udah, itu Bu Stella kan kerja di luar negeri. ga mau di Indonesia",1885677969525592536,0,15,[]
1886020029285556430,2025-02-02 11:53:10+00:00,Pejuang Tukin Dosen ASN Kemendiktisaintek,Negara tanpa Keadilan,@TangguhChairil @univ_indonesia mau ketemu langsung kami dengan pak presiden @prabowo,1885931220758126965,0,3,[]
1886218197671784947,2025-02-03 01:00:37+00:00,Pejuang Tukin Dosen ASN Kemendiktisaintek,Negara tanpa Keadilan,"@GarudaCampus @Kemdiktisaintek @prabowo mari merapat kawan2,,kita sampaikan tuntutan kita dengan cara yang berkelas,, ğŸ”¥ğŸ”¥",1886217143907467288,0,34,[]
1886417690996408688,2025-02-03 14:13:20+00:00,Prokalbar,Pnk-KB,"@pejabrut Bayangkan klo kamu dosen kemendiktisaintek: udah Tukin 2020-2024 ga dapat, gaji 13 dan THR 2025 kabarnya meragukan, SK udah terlanjur sekolah di bank, eh anak tahun ini mau lanjut kuliah!  Tsunami pun kalah mengerikan ğŸ«¨ğŸ«¨ğŸ«¨",1886312981459615951,2,9,[]
1886980797812625543,2025-02-05 03:30:55+00:00,ã‚¨ãƒªãƒˆ ãƒ©ãƒ³ãƒƒã‚¬ãƒ„,"Kyoto-shi Shimogyo-ku, Kyoto","@ardisatriawan Sebelum dilebur era Nadiem namanya Kemenristekdikti, sekarang di kabinet baru dipecah lagi menjadi Kemendiktisaintek ğŸ˜",1886978964272673053,1,4,[]
1887855127933104235,2025-02-07 13:25:11+00:00,Pejuang Tukin Dosen ASN Kemendiktisaintek,Negara tanpa Keadilan,"@kaleng_catatan kalau dah enak ngapain ngeluh,,ngapain cape2 aksi ğŸ˜",1887766128136757665,0,3,[]
1885369368063741968,2025-01-31 16:47:40+00:00,Pejuang Tukin Dosen ASN Kemendiktisaintek,Negara tanpa Keadilan,"@twiAbcXyz rutin kok pake setiap bulan sekali. meskipun bajunya beli sendiri.

Entah itu iuran Korpri lari kemana",1885366983044350036,1,14,[]
1886017295476007050,2025-02-02 11:42:18+00:00,Pejuang Tukin Dosen ASN Kemendiktisaintek,Negara tanpa Keadilan,@prastow terima kasih pak @prastow dukungannya!,1886016208950153325,0,4,[]
1885296719421689931,2025-01-31 11:58:59+00:00,Pejuang Tukin Dosen ASN Kemendiktisaintek,Negara tanpa Keadilan,@NewNezzz doakan kami sudah merintis @pekerjakampus,1885288085686280404,0,19,[]
1886150854190768355,2025-02-02 20:33:01+00:00,Pejuang Tukin Dosen ASN Kemendiktisaintek,Negara tanpa Keadilan,@_haye_ gabisa bilang banyak. tp yang bisa kami pastikan dosen yang mau turun ke jalan biasanya yang paling pro saat mahasiswa aksi.,1886095267755430062,1,6,[]
1886794573248352629,2025-02-04 15:10:55+00:00,Pejuang Tukin Dosen ASN Kemendiktisaintek,Negara tanpa Keadilan,@aminro_siregar @anasurbaningrum tendik dapat tukin lo....yang d3 aja gajinya masih jauh diatas dosen S2ğŸ« ,1886054934099136974,0,3,[]
1885369832780005647,2025-01-31 16:49:31+00:00,Pejuang Tukin Dosen ASN Kemendiktisaintek,Negara tanpa Keadilan,"@galangilman jokes bapack2 masook, tapi klo di forum resmi ya ..",1885366266015428700,0,4,[]
1885295990250328301,2025-01-31 11:56:05+00:00,Pejuang Tukin Dosen ASN Kemendiktisaintek,Negara tanpa Keadilan,@PNS_Garis_Lucu kebagian aja belom â˜¹ï¸,1885293397289951644,3,9,[]
1885328930984333437,2025-01-31 14:06:59+00:00,Pejuang Tukin Dosen ASN Kemendiktisaintek,Negara tanpa Keadilan,@Siskabenang @Kemdiktisaintek seperti didesain,1885328311129424326,0,2,[]
1885371552864104822,2025-01-31 16:56:21+00:00,Pejuang Tukin Dosen ASN Kemendiktisaintek,Negara tanpa Keadilan,"@AdGigih udah , baru kita rintis 1 tahun @pekerjakampus",1885340307178610914,0,2,[]
1885328584639696967,2025-01-31 14:05:36+00:00,Pejuang Tukin Dosen ASN Kemendiktisaintek,Negara tanpa Keadilan,@sapu_panggih budak,1885318810401726549,0,5,[]
1886018075608150169,2025-02-02 11:45:24+00:00,Pejuang Tukin Dosen ASN Kemendiktisaintek,Negara tanpa Keadilan,@Juliaismeee borongan kakğŸ™ƒ,1885962126852083873,1,4,[]
